Date,Open,High,Low,Close,Volume,openinterest,predict,target_price,predict_price
2018-12-26,1.4606,1.4606,1.4606,1.4606,500,0,-0.0115,1.4606,
2018-12-27,1.3445,1.5006,1.3445,1.4626,12995,0,0.0542,1.3445,1.4438
2018-12-28,1.3405,1.3545,1.1265,1.3405,15494,0,-0.0115,1.3405,1.4174
2018-12-31,1.4906,1.4906,1.4906,1.4906,1499,0,-0.0115,1.4906,1.3251
2019-01-02,1.3605,1.4206,1.3605,1.4206,1499,0,0.0542,1.3605,1.4734
2019-01-03,1.4206,1.4206,1.4206,1.4206,0,0,-0.0115,1.4206,1.4343
2019-01-04,1.4046,1.4046,1.4006,1.4006,5998,0,-0.0115,1.4046,1.4042
2019-01-07,1.3505,1.3505,1.3505,1.3505,1499,0,-0.0115,1.3505,1.3884
2019-01-08,1.3505,1.4886,1.3505,1.4006,18493,0,0.0542,1.3505,1.335
2019-01-09,1.3986,1.3986,1.3986,1.3986,3998,0,-0.0115,1.3986,1.4237
2019-01-10,1.3986,1.3986,1.3986,1.3986,0,0,-0.0115,1.3986,1.3824
2019-01-11,1.3285,1.4586,1.3285,1.3285,2499,0,-0.0115,1.3285,1.3824
2019-01-14,1.3285,1.3285,1.3285,1.3285,0,0,-0.0115,1.3285,1.3132
2019-01-17,1.4466,1.4466,1.3065,1.3065,2499,0,-0.0787,1.4466,1.3132
2019-01-18,1.3906,1.3906,1.3906,1.3906,1000,0,-0.0115,1.3906,1.3328
2019-01-22,1.2665,1.2665,1.2665,1.2665,500,0,-0.0115,1.2665,1.3745
2019-01-23,1.2705,1.2705,1.0324,1.1124,12495,0,-0.0787,1.2705,1.2519
2019-01-24,1.1885,1.1885,1.1885,1.1885,1000,0,-0.0115,1.1885,1.1705
2019-01-25,1.3005,1.3946,1.3005,1.3505,47981,0,0.0542,1.3005,1.1748
2019-01-28,1.3505,1.4006,1.3505,1.4006,41983,0,0.0542,1.3505,1.371
2019-01-29,1.4006,1.4006,1.3005,1.3005,24490,0,-0.0787,1.4006,1.4237
2019-01-30,1.3005,1.3005,1.3005,1.3005,500,0,-0.0115,1.3005,1.2904
2019-01-31,1.3505,1.3505,1.3505,1.3505,1499,0,-0.0115,1.3505,1.2855
2019-02-01,1.3505,1.3505,1.3505,1.3505,500,0,-0.0115,1.3505,1.335
2019-02-04,1.3505,1.3505,1.3505,1.3505,500,0,-0.0115,1.3505,1.335
2019-02-07,1.3085,1.3105,1.3005,1.3005,14994,0,-0.0115,1.3085,1.335
2019-02-08,1.3005,1.3005,1.3005,1.3005,500,0,-0.0115,1.3005,1.2934
2019-02-11,1.2285,1.2285,1.2285,1.2285,500,0,-0.0115,1.2285,1.2855
2019-02-12,1.2305,1.2305,1.2005,1.2005,11995,0,-0.0115,1.2305,1.2143
2019-02-13,1.2025,1.2025,1.1345,1.1405,24990,0,-0.0115,1.2025,1.2163
2019-02-14,1.1705,1.1905,1.0424,1.1905,12495,0,-0.0115,1.1705,1.1886
2019-02-15,1.2105,1.2105,1.2105,1.2105,4998,0,-0.0115,1.2105,1.157
2019-02-19,1.1905,1.1905,1.1905,1.1905,500,0,-0.0115,1.1905,1.1965
2019-02-20,1.1905,1.1905,1.1905,1.1905,0,0,-0.0115,1.1905,1.1768
2019-02-21,1.0224,1.2965,1.0104,1.1965,23990,0,0.1377,1.0224,1.1768
2019-02-22,1.2005,1.3005,1.1605,1.1605,2999,0,-0.0115,1.2005,1.1632
2019-02-25,1.1064,1.1625,1.1064,1.1625,2499,0,0.0542,1.1064,1.1866
2019-02-26,1.1605,1.1965,1.1605,1.1965,2499,0,0.0542,1.1605,1.1664
2019-02-27,1.1965,1.1965,1.1965,1.1965,500,0,-0.0115,1.1965,1.2234
2019-02-28,1.1965,1.1965,1.1965,1.1965,500,0,-0.0115,1.1965,1.1827
2019-03-01,1.1365,1.1365,1.0004,1.0004,20992,0,-0.0787,1.1365,1.1827
2019-03-04,1.0004,1.0004,1.0004,1.0004,1000,0,-0.0115,1.0004,1.047
2019-03-05,1.0004,1.0004,1.0004,1.0004,500,0,-0.0115,1.0004,0.9889
2019-03-06,1.1204,1.1204,1.1204,1.1204,500,0,-0.0115,1.1204,0.9889
2019-03-07,1.1204,1.2325,1.1204,1.1204,1499,0,-0.0115,1.1204,1.1075
2019-03-21,1.2925,1.2925,1.1625,1.1625,4998,0,-0.0787,1.2925,1.1075
2019-03-22,1.1625,1.1625,1.1625,1.1625,500,0,-0.0115,1.1625,1.1908
2019-03-25,1.2185,1.2185,1.2185,1.2185,1000,0,-0.0115,1.2185,1.1491
2019-03-26,1.2005,1.2425,1.2005,1.2005,21991,0,-0.0115,1.2005,1.2044
2019-03-27,1.2005,1.2005,1.2005,1.2005,500,0,-0.0115,1.2005,1.1866
2019-03-29,1.2505,1.5206,1.2105,1.2105,18493,0,-0.0115,1.2505,1.1866
2019-04-01,1.0044,1.1004,1.0004,1.1004,7997,0,0.0542,1.0044,1.2361
2019-04-02,1.1465,1.1465,1.1465,1.1465,5498,0,-0.0115,1.1465,1.0588
2019-04-03,1.3005,1.5746,1.3005,1.3665,18493,0,0.0542,1.3005,1.1332
2019-04-04,1.5846,1.6086,1.2025,1.5306,78968,0,-0.0115,1.5846,1.371
2019-04-05,1.6046,1.6046,1.4526,1.4586,13495,0,-0.0787,1.6046,1.5664
2019-04-08,1.4586,1.5926,1.4026,1.4026,22991,0,-0.0115,1.4586,1.4784
2019-04-09,1.5046,1.5306,1.3465,1.4006,40984,0,-0.0787,1.5046,1.4418
2019-04-10,1.3745,1.4646,1.2245,1.2825,19492,0,-0.0787,1.3745,1.3862
2019-04-11,1.3005,1.3005,1.0244,1.2705,10496,0,-0.0115,1.3005,1.2664
2019-04-12,1.1024,1.4566,1.1024,1.2005,8996,0,0.0542,1.1024,1.2855
2019-04-15,1.2005,1.2005,1.2005,1.2005,500,0,-0.0115,1.2005,1.1622
2019-04-16,1.2005,1.2005,1.2005,1.2005,1499,0,-0.0115,1.2005,1.1866
2019-04-17,1.2005,1.2005,1.2005,1.2005,2499,0,-0.0115,1.2005,1.1866
2019-04-18,1.2005,1.2005,1.2005,1.2005,500,0,-0.0115,1.2005,1.1866
2019-04-24,1.2505,1.3786,1.2505,1.3485,7997,0,0.0542,1.2505,1.1866
2019-04-25,1.4106,1.9788,1.4106,1.9068,225910,0,0.2893,1.4106,1.3183
2019-04-26,1.9008,1.9168,1.6206,1.8007,89464,0,-0.0115,1.9008,1.8186
2019-04-29,1.9008,1.9008,1.5486,1.5486,52479,0,-0.0787,1.9008,1.8789
2019-04-30,1.7847,1.7887,1.5206,1.6507,34986,0,-0.0787,1.7847,1.7512
2019-05-01,1.7487,1.7487,1.5606,1.7067,9496,0,-0.0115,1.7487,1.6443
2019-05-02,1.7427,1.7427,1.5486,1.6667,13994,0,-0.0115,1.7427,1.7286
2019-05-03,1.6807,1.7887,1.6247,1.7747,41483,0,0.0542,1.6807,1.7226
2019-05-06,1.6307,1.7807,1.6006,1.7687,12995,0,0.0542,1.6307,1.7718
2019-05-07,1.7567,1.7767,1.7387,1.7387,6497,0,-0.0115,1.7567,1.719
2019-05-08,1.6487,1.7407,1.5726,1.5726,24490,0,-0.0115,1.6487,1.7365
2019-05-09,1.6887,1.6887,1.5586,1.6347,5998,0,-0.0115,1.6887,1.6297
2019-05-10,1.5406,1.6367,1.5406,1.6367,5998,0,0.0542,1.5406,1.6692
2019-05-13,1.5166,1.6247,1.5026,1.5966,12495,0,0.0542,1.5166,1.6241
2019-05-14,1.5686,1.5946,1.5006,1.5946,12995,0,-0.0115,1.5686,1.5988
2019-05-15,1.6006,1.7007,1.6006,1.7007,4998,0,0.0542,1.6006,1.5506
2019-05-16,1.7047,1.7047,1.6687,1.6687,5498,0,-0.0115,1.7047,1.6874
2019-05-17,1.6607,1.6887,1.5706,1.6607,18493,0,-0.0115,1.6607,1.685
2019-05-20,1.6447,1.6447,1.5326,1.5326,6497,0,-0.0787,1.6447,1.6415
2019-05-21,1.5386,1.6026,1.5326,1.6006,18992,0,0.0542,1.5386,1.5153
2019-05-22,1.5986,1.5986,1.4406,1.5406,21991,0,-0.0115,1.5986,1.622
2019-05-23,1.3145,1.5006,1.3145,1.4666,9496,0,0.1377,1.3145,1.5802
2019-05-24,1.4966,1.4966,1.3345,1.4306,9996,0,-0.0115,1.4966,1.4956
2019-05-28,1.4006,1.4686,1.3405,1.4686,2499,0,0.0542,1.4006,1.4794
2019-05-29,1.3405,1.3405,1.2845,1.2845,5498,0,-0.0115,1.3405,1.4765
2019-05-30,1.3105,1.4066,1.2805,1.4066,6497,0,0.0542,1.3105,1.3251
2019-05-31,1.4066,1.4066,1.4066,1.4066,500,0,-0.0115,1.4066,1.3815
2019-06-03,1.4006,1.8007,1.4006,1.7007,14494,0,0.2893,1.4006,1.3904
2019-06-04,2.0008,2.0008,1.6186,1.7667,10996,0,-0.0787,2.0008,1.8057
2019-06-05,2.0828,2.0828,1.6026,1.7467,39484,0,-0.0787,2.0828,1.8434
2019-06-06,1.6287,1.7487,1.5906,1.7487,5998,0,0.0542,1.6287,1.919
2019-06-07,1.7487,1.7487,1.7487,1.7487,500,0,-0.0115,1.7487,1.7169
2019-06-10,1.7387,1.9748,1.7387,1.8487,7997,0,0.0542,1.7387,1.7286
2019-06-11,1.6747,1.8507,1.6747,1.8007,5998,0,0.0542,1.6747,1.8329
2019-06-12,1.7387,1.8948,1.7147,1.8407,7997,0,0.0542,1.7387,1.7654
2019-06-13,1.7827,1.8307,1.6347,1.6347,24990,0,-0.0787,1.7827,1.8329
2019-06-14,1.7207,1.7807,1.6787,1.7407,5998,0,-0.0115,1.7207,1.6425
2019-06-17,1.6767,1.6767,1.6427,1.6427,2499,0,-0.0115,1.6767,1.7009
2019-06-18,1.6907,1.7727,1.6407,1.7727,5998,0,0.0542,1.6907,1.6574
2019-06-19,1.7347,1.7427,1.7347,1.7427,3998,0,-0.0115,1.7347,1.7823
2019-06-20,1.6907,1.7307,1.6907,1.7307,7997,0,0.0542,1.6907,1.7147
2019-06-21,1.7887,1.7887,1.7887,1.7887,1000,0,-0.0115,1.7887,1.7823
2019-06-24,1.8007,1.8007,1.7107,1.7507,5998,0,-0.0115,1.8007,1.7681
2019-06-25,1.7907,1.9008,1.5866,1.6927,143942,0,-0.0115,1.7907,1.78
2019-06-26,1.9008,2.0428,1.5926,1.7287,38984,0,-0.0787,1.9008,1.7701
2019-06-27,1.7147,1.7467,1.5926,1.5926,9996,0,-0.0787,1.7147,1.7512
2019-06-28,1.4306,1.6126,1.2405,1.4406,48481,0,-0.0115,1.4306,1.5798
2019-07-01,1.5966,1.5966,1.4206,1.5726,16993,0,-0.0115,1.5966,1.4141
2019-07-02,1.4206,1.5646,1.3826,1.3826,12995,0,-0.0115,1.4206,1.5782
2019-07-03,1.3465,1.6206,1.3465,1.4506,13495,0,0.0542,1.3465,1.4042
2019-07-05,1.3525,1.4006,1.3405,1.3405,17993,0,-0.0115,1.3525,1.4195
2019-07-08,1.3605,1.4966,1.3585,1.4966,12495,0,0.0542,1.3605,1.337
2019-07-09,1.4066,1.6226,1.3806,1.6226,12995,0,0.1377,1.4066,1.4343
2019-07-10,1.5966,1.5966,1.3005,1.4946,14994,0,-0.0787,1.5966,1.6003
2019-07-11,1.4886,1.4886,1.3325,1.4006,13994,0,-0.0787,1.4886,1.471
2019-07-12,1.3966,1.3986,1.3225,1.3906,9496,0,-0.0115,1.3966,1.3715
2019-07-15,1.4006,1.4006,1.3585,1.3585,4998,0,-0.0115,1.4006,1.3805
2019-07-16,1.3906,1.3906,1.3005,1.3005,4998,0,-0.0787,1.3906,1.3844
2019-07-17,1.3165,1.3745,1.3005,1.3745,6497,0,0.0542,1.3165,1.2812
2019-07-18,1.2705,1.3405,1.2425,1.3005,15994,0,0.0542,1.2705,1.3879
2019-07-19,1.3946,1.3946,1.3806,1.3946,21991,0,-0.0115,1.3946,1.3394
2019-07-22,1.4006,1.5726,1.4006,1.5206,30988,0,0.0542,1.4006,1.3785
2019-07-23,1.4706,1.4706,1.3625,1.3625,2499,0,-0.0787,1.4706,1.4765
2019-07-24,1.5206,1.5206,1.3766,1.5206,15994,0,-0.0115,1.5206,1.3549
2019-07-25,1.4886,1.5186,1.4126,1.5186,14994,0,0.0542,1.4886,1.5031
2019-07-26,1.5006,1.5006,1.4486,1.4486,1999,0,-0.0115,1.5006,1.5693
2019-07-29,1.4506,1.4506,1.3545,1.4306,6997,0,-0.0115,1.4506,1.4833
2019-07-30,1.3625,1.4006,1.3545,1.4006,4998,0,0.0542,1.3625,1.4339
2019-07-31,1.4066,1.4066,1.4066,1.4066,2499,0,-0.0115,1.4066,1.4364
2019-08-01,1.3846,1.3846,1.3846,1.3846,2999,0,-0.0115,1.3846,1.3904
2019-08-02,1.3505,1.4706,1.3365,1.4706,5498,0,0.0542,1.3505,1.3686
2019-08-05,1.3505,1.4706,1.3365,1.4706,500,0,0.0542,1.3505,1.4237
2019-08-06,1.4786,1.4786,1.3225,1.3225,32487,0,-0.0787,1.4786,1.4237
2019-08-07,1.3605,1.3605,1.3525,1.3545,6997,0,-0.0115,1.3605,1.3623
2019-08-08,1.3005,1.4446,1.2445,1.3245,15994,0,0.0542,1.3005,1.3449
2019-08-09,1.3986,1.3986,1.3986,1.3986,2999,0,-0.0115,1.3986,1.371
2019-08-12,1.3225,1.3245,1.3205,1.3245,7497,0,-0.0115,1.3225,1.3824
2019-08-13,1.4006,1.4006,1.4006,1.4006,1499,0,-0.0115,1.4006,1.3073
2019-08-14,1.3605,1.3605,1.3205,1.3225,9996,0,-0.0115,1.3605,1.3844
2019-08-15,1.3405,1.3405,1.2385,1.2385,16993,0,-0.0787,1.3405,1.3449
2019-08-16,1.2645,1.3906,1.2645,1.3906,5998,0,0.0542,1.2645,1.2351
2019-08-19,1.3906,1.3906,1.3906,1.3906,0,0,-0.0115,1.3906,1.333
2019-08-20,1.3906,1.3906,1.3906,1.3906,0,0,-0.0115,1.3906,1.3745
2019-08-21,1.2545,1.3385,1.2545,1.2885,6497,0,0.0542,1.2545,1.3745
2019-08-22,1.2885,1.2885,1.2885,1.2885,0,0,-0.0115,1.2885,1.3225
2019-08-23,1.3185,1.3185,1.3185,1.3185,1000,0,-0.0115,1.3185,1.2737
2019-08-26,1.3305,1.3605,1.3005,1.3025,6997,0,-0.0115,1.3305,1.3033
2019-08-27,1.3025,1.3025,1.3025,1.3025,0,0,-0.0115,1.3025,1.3152
2019-08-28,1.3025,1.3025,1.3025,1.3025,0,0,-0.0115,1.3025,1.2875
2019-08-29,1.2245,1.2825,1.2245,1.2565,7997,0,0.0542,1.2245,1.2875
2019-08-30,1.2565,1.2565,1.2565,1.2565,0,0,-0.0115,1.2565,1.2908
2019-09-03,1.3205,1.5006,1.3205,1.4206,121951,0,0.0542,1.3205,1.242
2019-09-04,1.4226,1.6206,1.3465,1.5206,107957,0,0.0542,1.4226,1.3921
2019-09-05,1.6327,1.6327,1.4406,1.4806,47481,0,-0.0787,1.6327,1.4997
2019-09-06,1.6006,1.6006,1.4806,1.5006,88465,0,-0.0787,1.6006,1.5042
2019-09-09,1.4706,1.5486,1.4706,1.5446,26989,0,0.0542,1.4706,1.4747
2019-09-10,1.5626,1.8067,1.4406,1.4406,159436,0,-0.0787,1.5626,1.5503
2019-09-11,1.4406,1.4926,1.4226,1.4606,60476,0,-0.0115,1.4406,1.4397
2019-09-12,1.4206,1.4306,1.4006,1.4026,89464,0,-0.0115,1.4206,1.424
2019-09-13,1.4146,1.5526,1.4106,1.4466,45982,0,0.0542,1.4146,1.4042
2019-09-16,1.4026,1.4926,1.4026,1.4266,23990,0,-0.0115,1.4026,1.4912
2019-09-17,1.4846,1.4846,1.3605,1.3906,41983,0,-0.0787,1.4846,1.3864
2019-09-18,1.3405,1.3705,1.3065,1.3525,7997,0,-0.0115,1.3405,1.3678
2019-09-19,1.3405,1.3465,1.2265,1.2645,28489,0,-0.0787,1.3405,1.3251
2019-09-20,1.2825,1.2885,1.2505,1.2725,10996,0,-0.0115,1.2825,1.2351
2019-09-23,1.2685,1.2965,1.2205,1.2505,56477,0,-0.0115,1.2685,1.2677
2019-09-24,1.2925,1.3085,1.1925,1.2065,78968,0,-0.0787,1.2925,1.2539
2019-09-25,1.2725,1.2725,1.2005,1.2005,36485,0,-0.0115,1.2725,1.1908
2019-09-26,1.2725,1.2725,1.0624,1.0724,122951,0,-0.0787,1.2725,1.2578
2019-09-27,1.1244,1.3605,1.1244,1.2505,106957,0,0.2819,1.1244,1.1724
2019-09-30,1.3826,1.4606,1.1925,1.2325,84466,0,-0.0787,1.3826,1.4415
2019-10-01,1.3065,1.3065,1.2965,1.2965,10996,0,-0.0115,1.3065,1.2738
2019-10-02,1.2885,1.2885,1.0964,1.0964,182927,0,-0.0787,1.2885,1.2915
2019-10-03,1.1905,1.1905,1.0224,1.0364,120952,0,-0.0787,1.1905,1.1871
2019-10-04,1.0404,1.0404,0.7963,0.9484,104458,0,-0.0787,1.0404,1.0968
2019-10-07,0.9804,1.0164,0.8703,0.9784,28988,0,-0.0115,0.9804,0.9586
2019-10-08,0.9084,0.9604,0.8323,0.9124,36985,0,-0.0115,0.9084,0.9691
2019-10-09,0.8804,0.8804,0.8323,0.8623,10496,0,-0.0115,0.8804,0.8979
2019-10-10,0.8423,0.8804,0.6683,0.6903,106457,0,-0.0787,0.8423,0.8702
2019-10-11,0.7283,0.8543,0.7243,0.7603,111955,0,0.0542,0.7283,0.7761
2019-10-14,0.8363,0.8363,0.7263,0.7323,64974,0,-0.0787,0.8363,0.7678
2019-10-15,0.7323,0.9464,0.7323,0.8223,108956,0,0.1377,0.7323,0.7705
2019-10-16,0.8984,1.0784,0.8303,0.9964,88465,0,0.1377,0.8984,0.8332
2019-10-17,0.9824,1.2205,0.9384,1.1044,84966,0,0.1377,0.9824,1.0221
2019-10-18,1.1865,1.1925,1.1325,1.1885,19992,0,-0.0115,1.1865,1.1177
2019-10-21,1.1625,1.3005,1.1605,1.2145,64974,0,0.0542,1.1625,1.1728
2019-10-22,1.2445,1.2825,1.0824,1.1144,41483,0,-0.0787,1.2445,1.2255
2019-10-23,1.1184,1.2185,1.1184,1.2185,16493,0,0.0542,1.1184,1.1466
2019-10-24,1.2485,1.2485,1.1184,1.2145,30488,0,-0.0115,1.2485,1.1791
2019-10-25,1.2045,1.2485,1.2045,1.2445,5498,0,0.0542,1.2045,1.2341
2019-10-28,1.2985,1.2985,1.2005,1.2205,18493,0,-0.0787,1.2985,1.2698
2019-10-29,1.2725,1.5526,1.2725,1.4366,101459,0,0.1377,1.2725,1.1964
2019-10-30,1.4206,1.4206,1.2485,1.2485,46481,0,-0.0787,1.4206,1.4478
2019-10-31,1.2285,1.3165,1.2245,1.2245,8747,0,-0.0115,1.2285,1.3088
2019-11-01,1.2165,1.2805,1.2165,1.2205,7247,0,-0.0115,1.2165,1.2143
2019-11-04,1.1805,1.2005,1.1805,1.2005,1499,0,-0.0115,1.1805,1.2025
2019-11-05,1.1845,1.4086,1.1645,1.4086,37235,0,0.1377,1.1845,1.1669
2019-11-06,1.3205,1.3205,1.0204,1.1525,26989,0,-0.0787,1.3205,1.3476
2019-11-07,1.1445,1.1565,1.1325,1.1365,7247,0,-0.0115,1.1445,1.2166
2019-11-08,1.2245,1.2245,1.1365,1.1645,1749,0,-0.0115,1.2245,1.1313
2019-11-11,1.0484,1.1204,1.0484,1.1124,3998,0,0.0542,1.0484,1.2104
2019-11-12,1.1885,1.3806,1.1044,1.2005,24990,0,-0.0115,1.1885,1.1052
2019-11-13,1.1925,1.1925,1.0644,1.0884,5498,0,-0.0787,1.1925,1.1748
2019-11-14,1.1244,1.1244,1.1244,1.1244,2249,0,-0.0115,1.1244,1.0987
2019-11-15,1.3685,1.3685,1.1244,1.1445,4498,0,-0.0787,1.3685,1.1115
2019-11-18,1.1204,1.2045,1.1164,1.2045,6997,0,0.0542,1.1204,1.2609
2019-11-19,1.1124,1.1645,1.0404,1.1164,9996,0,-0.0115,1.1124,1.1812
2019-11-20,1.1405,1.1405,1.1204,1.1244,5498,0,-0.0115,1.1405,1.0996
2019-11-21,1.0604,1.1084,1.0604,1.0804,3499,0,0.0542,1.0604,1.1273
2019-11-22,1.0604,1.1164,1.0604,1.1164,6997,0,0.0542,1.0604,1.1179
2019-11-25,1.1244,1.1244,1.1204,1.1204,1000,0,-0.0115,1.1244,1.1179
2019-11-26,1.1605,1.1605,1.1605,1.1605,5748,0,-0.0115,1.1605,1.1115
2019-11-27,1.1605,1.1605,1.1605,1.1605,0,0,-0.0115,1.1605,1.1471
2019-11-29,1.0804,1.0804,1.0804,1.0804,1000,0,-0.0115,1.0804,1.1471
2019-12-02,1.0604,1.0764,1.0604,1.0644,17743,0,-0.0115,1.0604,1.068
2019-12-03,1.1004,1.1405,1.1004,1.1405,1999,0,0.0542,1.1004,1.0482
2019-12-04,1.1485,1.1485,1.0804,1.1124,4248,0,-0.0115,1.1485,1.1601
2019-12-05,1.0764,1.0764,1.0764,1.0764,750,0,-0.0115,1.0764,1.1352
2019-12-06,1.0764,1.0764,1.0764,1.0764,0,0,-0.0115,1.0764,1.064
2019-12-09,1.0644,1.0644,1.0404,1.0564,3499,0,-0.0115,1.0644,1.064
2019-12-10,1.0204,1.1204,1.0204,1.1204,7997,0,0.0542,1.0204,1.0522
2019-12-11,1.1525,1.2125,1.1405,1.1805,19742,0,0.0542,1.1525,1.0757
2019-12-12,1.1084,1.1084,1.0964,1.0964,8996,0,-0.0115,1.1084,1.2149
2019-12-13,1.1965,1.1965,1.1325,1.1325,3499,0,-0.0115,1.1965,1.0957
2019-12-16,1.1325,1.2365,1.0604,1.0604,13495,0,-0.0787,1.1325,1.1827
2019-12-17,1.0524,1.0604,1.0524,1.0524,5498,0,-0.0115,1.0524,1.0434
2019-12-18,1.0484,1.0484,1.0444,1.0484,1999,0,-0.0115,1.0484,1.0403
2019-12-19,1.0484,1.0604,1.0484,1.0604,1000,0,-0.0115,1.0484,1.0363
2019-12-20,1.0604,1.0604,1.0604,1.0604,1250,0,-0.0115,1.0604,1.0363
2019-12-23,1.0604,1.2525,1.0604,1.2525,16244,0,0.1377,1.0604,1.0482
2019-12-24,1.2485,1.2485,1.0804,1.0804,8247,0,-0.0787,1.2485,1.2065
2019-12-26,1.2405,1.2405,0.9804,0.9804,27989,0,-0.0787,1.2405,1.1503
2019-12-27,1.0004,1.1965,1.0004,1.1605,26989,0,0.1377,1.0004,1.1429
2019-12-30,1.0444,1.1765,0.9444,0.9444,41234,0,-0.0787,1.0444,1.1382
2019-12-31,0.9924,1.1645,0.9924,1.0804,45232,0,0.0542,0.9924,0.9622
2020-01-02,1.1525,1.1565,1.0364,1.1325,12245,0,-0.0115,1.1525,1.0462
2020-01-03,1.1485,1.1485,1.1485,1.1485,1499,0,-0.0115,1.1485,1.1392
2020-01-06,1.0244,1.0244,0.9684,1.0204,33986,0,-0.0115,1.0244,1.1352
2020-01-07,1.0244,1.2605,1.0044,1.0404,25990,0,-0.0115,1.0244,1.0126
2020-01-08,1.0404,1.0404,1.0404,1.0404,0,0,-0.0115,1.0404,1.0126
2020-01-09,1.2045,1.9008,1.0084,1.2165,3539334,0,-0.0115,1.2045,1.0284
2020-01-10,1.0844,1.3806,1.0844,1.3045,289134,0,0.1377,1.0844,1.1906
2020-01-13,1.2805,1.3285,1.2045,1.3085,63475,0,0.0542,1.2805,1.2338
2020-01-14,1.2565,1.2765,1.1925,1.2085,50230,0,-0.0115,1.2565,1.3499
2020-01-15,1.2165,1.2165,1.1525,1.1605,19992,0,-0.0115,1.2165,1.242
2020-01-16,1.1645,1.2325,1.1204,1.1405,38984,0,-0.0115,1.1645,1.2025
2020-01-17,1.1244,1.1405,1.1084,1.1124,16993,0,-0.0115,1.1244,1.151
2020-01-21,1.1084,1.1244,1.0804,1.1084,40234,0,-0.0115,1.1084,1.1115
2020-01-22,1.0844,1.1405,1.0844,1.1204,16743,0,0.0542,1.0844,1.0957
2020-01-23,1.0964,1.1204,1.0804,1.0884,13245,0,-0.0115,1.0964,1.1432
2020-01-24,1.0644,1.0924,1.0444,1.0484,40734,0,-0.0115,1.0644,1.0838
2020-01-27,1.0884,1.0884,1.0884,1.0884,1250,0,-0.0115,1.0884,1.0522
2020-01-28,1.0444,1.0844,1.0044,1.0204,21242,0,-0.0115,1.0444,1.0759
2020-01-29,1.0564,1.0644,0.9724,1.0004,55978,0,-0.0115,1.0564,1.0324
2020-01-30,1.0004,1.0204,0.9244,1.0004,12245,0,-0.0115,1.0004,1.0443
2020-01-31,0.9804,0.9924,0.8443,0.9524,29738,0,-0.0115,0.9804,0.9889
2020-02-03,0.9324,0.9644,0.9004,0.9564,33237,0,0.0542,0.9324,0.9691
2020-02-04,0.9724,0.9804,0.8643,0.9004,36485,0,-0.0787,0.9724,0.9829
2020-02-05,0.9324,0.9604,0.9204,0.9564,14494,0,0.0542,0.9324,0.8959
2020-02-06,0.9444,0.9964,0.9444,0.9524,14494,0,-0.0115,0.9444,0.9829
2020-02-07,0.8884,0.9484,0.8884,0.9284,6497,0,0.0542,0.8884,0.9335
2020-02-10,0.9924,0.9924,0.9284,0.9284,2249,0,-0.0787,0.9924,0.9365
2020-02-11,0.9364,0.9444,0.9044,0.9204,20242,0,-0.0115,0.9364,0.9143
2020-02-12,0.9284,0.9284,0.9284,0.9284,1499,0,-0.0115,0.9284,0.9256
2020-02-13,0.8764,0.8764,0.8283,0.8283,12995,0,-0.0115,0.8764,0.9177
2020-02-14,0.9924,0.9924,0.9164,0.9564,42233,0,-0.0115,0.9924,0.8663
2020-02-18,0.9084,0.9124,0.8403,0.8403,96961,0,-0.0787,0.9084,0.981
2020-02-19,0.8723,0.8723,0.8403,0.8403,33237,0,-0.0115,0.8723,0.8369
2020-02-20,0.8443,0.8483,0.7603,0.7963,40734,0,-0.0787,0.8443,0.8623
2020-02-21,0.8043,0.8043,0.8003,0.8003,7247,0,-0.0115,0.8043,0.7779
2020-02-24,0.7803,0.7883,0.6162,0.6723,163435,0,-0.0787,0.7803,0.7951
2020-02-25,0.7123,0.7123,0.6723,0.6763,42733,0,-0.0115,0.7123,0.7189
2020-02-26,0.7323,0.7563,0.6683,0.7003,21491,0,-0.0115,0.7323,0.7041
2020-02-27,0.7003,1.0804,0.6603,0.9284,247901,0,0.2893,0.7003,0.7239
2020-02-28,0.9924,1.1805,0.8083,0.8563,293383,0,-0.0787,0.9924,0.9029
2020-03-02,0.9404,0.9404,0.8003,0.8043,31487,0,-0.0787,0.9404,0.9143
2020-03-03,0.8043,0.8083,0.8003,0.8003,10746,0,-0.0115,0.8043,0.8664
2020-03-04,0.8003,0.8003,0.6643,0.7083,101959,0,-0.0787,0.8003,0.7951
2020-03-05,0.7523,0.9244,0.7523,0.8243,123701,0,0.0542,0.7523,0.7374
2020-03-06,0.8403,0.8723,0.8003,0.8443,40484,0,-0.0115,0.8403,0.7931
2020-03-09,0.8403,0.8403,0.7603,0.7643,20242,0,-0.0787,0.8403,0.8307
2020-03-10,0.8203,0.8203,0.7683,0.8083,46981,0,0.6585,0.8203,0.7742
2020-03-11,1.9008,3.0812,1.2605,1.5806,29728604,0,-0.0787,1.9008,1.3605
2020-03-12,2.3009,2.3209,1.6006,2.1048,10138443,0,-0.0787,2.3009,1.7512
2020-03-13,1.7607,1.7607,1.2005,1.3365,2456767,0,-0.0787,1.7607,2.1199
2020-03-16,1.0004,1.0404,0.7883,0.9004,1489904,0,-0.0787,1.0004,1.6222
2020-03-17,0.9804,1.0604,0.8844,0.9124,701219,0,-0.0787,0.9804,0.9217
2020-03-18,0.8804,0.8804,0.7483,0.8043,771941,0,-0.0787,0.8804,0.9033
2020-03-19,0.8403,0.8403,0.6242,0.6843,1002099,0,-0.0787,0.8403,0.8111
2020-03-20,0.7203,0.7843,0.7003,0.7123,578768,0,-0.0115,0.7203,0.7742
2020-03-23,0.8083,0.8403,0.6723,0.7203,658986,0,-0.0787,0.8083,0.712
2020-03-24,0.7403,0.7523,0.6683,0.7203,775440,0,-0.0115,0.7403,0.7447
2020-03-25,0.6963,0.7643,0.6883,0.7283,579268,0,0.0542,0.6963,0.7318
2020-03-26,0.7683,0.7803,0.7123,0.7523,607757,0,-0.0115,0.7683,0.734
2020-03-27,0.7443,0.7603,0.6643,0.7123,423081,0,-0.0115,0.7443,0.7595
2020-03-30,0.7243,0.7603,0.7043,0.7443,350860,0,0.0542,0.7243,0.7357
2020-03-31,0.7683,0.8964,0.7683,0.8163,751949,0,0.0542,0.7683,0.7635
2020-04-01,0.8363,0.8363,0.6643,0.7203,258397,0,-0.0787,0.8363,0.8099
2020-04-02,0.7283,0.8523,0.7283,0.7923,654238,0,0.0542,0.7283,0.7705
2020-04-03,0.8003,0.8643,0.7563,0.8283,261895,0,0.0542,0.8003,0.7678
2020-04-06,0.8323,0.8964,0.8123,0.8563,431078,0,0.0542,0.8323,0.8437
2020-04-07,0.8403,0.8563,0.7843,0.8483,146941,0,-0.0115,0.8403,0.8774
2020-04-08,0.8363,0.8764,0.8163,0.8683,383846,0,0.3852,0.8363,0.8307
2020-04-09,1.4806,1.5206,1.2325,1.3605,19640891,0,-0.0787,1.4806,1.1585
2020-04-13,1.3005,1.3846,1.2045,1.2325,2790883,0,-0.0115,1.3005,1.3641
2020-04-14,1.4726,1.4806,1.3045,1.3405,2708666,0,-0.0787,1.4726,1.2855
2020-04-15,1.4006,1.4006,1.2125,1.2605,987105,0,-0.0787,1.4006,1.3567
2020-04-16,1.2605,1.3165,1.2165,1.2925,563774,0,0.0542,1.2605,1.2904
2020-04-17,1.3045,1.3125,1.2205,1.2685,524540,0,-0.0115,1.3045,1.3288
2020-04-20,1.2365,1.2405,1.1204,1.2205,455818,0,-0.0115,1.2365,1.2895
2020-04-21,1.3045,1.3205,1.2165,1.2525,449070,0,-0.0115,1.3045,1.2222
2020-04-22,1.2485,1.2525,1.2005,1.2205,268643,0,-0.0115,1.2485,1.2895
2020-04-23,1.2005,1.2365,1.1685,1.2005,260896,0,-0.0115,1.2005,1.2341
2020-04-24,1.1645,1.2285,1.0804,1.1885,1044332,0,0.0542,1.1645,1.1866
2020-04-27,1.3325,1.3405,1.1004,1.2165,1902739,0,-0.0787,1.3325,1.2276
2020-04-28,1.1885,1.2045,1.1244,1.1725,484306,0,-0.0115,1.1885,1.2277
2020-04-29,1.1605,1.1805,1.1164,1.1645,355858,0,-0.0115,1.1605,1.1748
2020-04-30,1.1485,1.1685,1.0524,1.1084,419582,0,-0.0115,1.1485,1.1471
2020-05-01,1.0604,1.1325,1.0404,1.1285,267643,0,0.0542,1.0604,1.1352
2020-05-04,1.2085,1.3005,1.1805,1.1805,1533386,0,-0.0115,1.2085,1.1179
2020-05-05,1.3085,1.4486,1.2445,1.3926,1879998,0,0.0542,1.3085,1.1946
2020-05-06,1.4926,1.5166,1.4006,1.4806,705218,0,-0.0115,1.4926,1.3794
2020-05-07,1.5126,1.5286,1.2845,1.4566,476060,0,-0.0115,1.5126,1.4754
2020-05-08,1.3846,1.4806,1.3605,1.4326,232907,0,0.0542,1.3846,1.4952
2020-05-11,1.5206,1.5966,1.4446,1.5966,682227,0,0.0542,1.5206,1.4596
2020-05-12,1.6006,1.6407,1.5206,1.6327,647741,0,0.0542,1.6006,1.603
2020-05-13,1.8367,2.0808,1.6126,1.7807,1802779,0,-0.0115,1.8367,1.6874
2020-05-14,2.0008,2.0568,1.6807,2.0408,1499900,0,0.0542,2.0008,1.8156
2020-05-15,2.0168,2.3609,2.0048,2.2369,1136795,0,0.0542,2.0168,2.1092
2020-05-18,2.3049,2.441,2.2529,2.3609,1007847,0,0.0542,2.3049,2.1261
2020-05-19,2.3649,2.393,2.0608,2.1609,454818,0,-0.0787,2.3649,2.4298
2020-05-20,2.1048,2.1849,1.7647,1.9008,833417,0,-0.0787,2.1048,2.1789
2020-05-21,1.8888,2.1008,1.8247,2.0608,502799,0,0.0542,1.8888,1.9392
2020-05-22,2.3009,2.3609,2.1208,2.2929,915634,0,-0.0115,2.3009,1.9911
2020-05-26,2.597,2.613,2.401,2.477,1102809,0,-0.0115,2.597,2.2744
2020-05-27,2.453,2.509,2.3569,2.453,364854,0,-0.0115,2.453,2.5671
2020-05-28,2.493,2.601,2.481,2.509,194422,0,-0.0115,2.493,2.4247
2020-05-29,2.7211,2.7411,2.521,2.6451,508047,0,-0.0115,2.7211,2.4643
2020-06-01,2.6851,2.8091,2.6491,2.7411,480558,0,0.0542,2.6851,2.6897
2020-06-02,2.8011,2.8011,2.505,2.6491,259146,0,-0.0115,2.8011,2.8306
2020-06-03,2.509,2.621,2.441,2.621,263395,0,0.0542,2.509,2.7688
2020-06-04,2.617,2.6451,2.529,2.601,221162,0,-0.0115,2.617,2.645
2020-06-05,2.525,2.537,2.2409,2.3209,534036,0,-0.0787,2.525,2.5869
2020-06-08,2.3009,2.449,2.2409,2.389,314624,0,0.0542,2.3009,2.3264
2020-06-09,2.3129,2.465,2.2849,2.3209,125700,0,-0.0115,2.3129,2.4256
2020-06-10,2.3529,2.413,2.2569,2.2969,140944,0,-0.0115,2.3529,2.2863
2020-06-11,2.2249,2.2889,2.0528,2.1529,146441,0,-0.0115,2.2249,2.3258
2020-06-12,2.1289,2.3529,2.0888,2.2569,68723,0,0.0542,2.1289,2.1993
2020-06-15,2.2809,2.397,2.1249,2.3529,215914,0,0.0542,2.2809,2.2442
2020-06-16,2.3169,2.501,2.2409,2.393,166933,0,0.0542,2.3169,2.4045
2020-06-17,2.445,2.473,2.3489,2.413,149690,0,-0.0115,2.445,2.4425
2020-06-18,2.3569,2.477,2.3089,2.413,303629,0,0.0542,2.3569,2.4168
2020-06-19,2.6691,3.4254,2.2609,2.7211,3385145,0,0.0542,2.6691,2.4847
2020-06-22,2.597,2.601,2.3609,2.437,446321,0,-0.0787,2.597,2.8137
2020-06-23,2.401,2.425,2.3009,2.393,260146,0,-0.0115,2.401,2.3927
2020-06-24,2.3449,2.401,2.2329,2.401,234906,0,0.0542,2.3449,2.3733
2020-06-25,2.401,2.545,2.401,2.489,213665,0,0.0542,2.401,2.472
2020-06-26,2.485,2.529,2.3409,2.3729,88465,0,-0.0115,2.485,2.5311
2020-06-29,2.6891,2.8812,2.513,2.6531,1399190,0,-0.0115,2.6891,2.4564
2020-06-30,2.6531,2.6531,2.521,2.569,291883,0,-0.0115,2.6531,2.6581
2020-07-01,2.561,2.6811,2.533,2.6811,247901,0,0.0542,2.561,2.6225
2020-07-02,2.6891,2.7811,2.593,2.605,171931,0,-0.0115,2.6891,2.6998
2020-07-06,2.6691,2.8812,2.6411,2.8772,258147,0,0.0542,2.6691,2.6581
2020-07-07,2.8731,3.1012,2.8651,2.9652,290884,0,0.0542,2.8731,2.8137
2020-07-08,2.9092,2.9572,2.7851,2.8011,137195,0,-0.0115,2.9092,3.0289
2020-07-09,2.7891,2.8611,2.7411,2.7971,138445,0,-0.0115,2.7891,2.8756
2020-07-10,2.7811,3.2013,2.7691,3.1333,517543,0,0.1377,2.7811,2.757
2020-07-13,3.2013,3.6415,3.1893,3.4374,910886,0,0.0542,3.2013,3.1642
2020-07-14,3.7815,3.9216,3.5654,3.8335,1039584,0,-0.0115,3.7815,3.3748
2020-07-15,3.9256,4.0016,3.3053,3.4534,1178029,0,-0.0787,3.9256,3.7379
2020-07-16,3.7455,4.2417,3.6535,4.0016,2462515,0,0.0542,3.7455,3.6167
2020-07-17,4.0896,4.7459,4.0376,4.5378,2340064,0,0.1377,4.0896,3.9485
2020-07-20,4.7579,5.046,4.5418,4.898,1916483,0,0.0542,4.7579,4.6529
2020-07-21,4.7579,4.7939,3.9736,4.6419,1542633,0,-0.0115,4.7579,5.0157
2020-07-22,4.3657,4.4298,3.9616,3.9816,1047081,0,-0.0787,4.3657,4.7031
2020-07-23,4.1377,4.2017,3.4734,3.5214,1069822,0,-0.0787,4.1377,4.0223
2020-07-24,3.6014,3.9216,3.6014,3.7415,759196,0,0.0542,3.6014,3.8121
2020-07-27,3.7615,4.1457,3.7615,4.1096,651489,0,0.0542,3.7615,3.7966
2020-07-28,4.0296,4.1016,3.8215,3.9216,641743,0,-0.0115,4.0296,3.9653
2020-07-29,3.9856,4.1857,3.8896,4.1577,338615,0,0.0542,3.9856,3.9832
2020-07-30,4.2417,6.7187,4.2417,4.95,3992402,0,0.2893,4.2417,4.2016
2020-07-31,6.5,12.17,5.9,6.99,29886800,0,0.0542,6.5,5.4688
2020-08-03,6.0,6.14,5.3,5.48,2644900,0,-0.0787,6.0,6.8522
2020-08-04,5.75,5.88,5.38,5.62,1206600,0,-0.0115,5.75,5.5279
2020-08-05,5.62,5.66,5.24,5.44,1132800,0,-0.0115,5.62,5.6837
2020-08-06,5.22,5.33,4.9,5.25,933500,0,-0.0115,5.22,5.5552
2020-08-07,5.5,5.53,5.06,5.18,516000,0,-0.0787,5.5,5.1599
2020-08-10,5.2,5.25,4.9,5.04,677500,0,-0.0115,5.2,5.0673
2020-08-11,4.98,4.98,4.5,4.59,973900,0,-0.0787,4.98,5.1401
2020-08-12,4.57,4.59,4.33,4.52,577100,0,-0.0115,4.57,4.5882
2020-08-13,4.58,4.93,4.33,4.91,705600,0,0.0542,4.58,4.5173
2020-08-14,4.7,4.7,4.33,4.42,560800,0,-0.0787,4.7,4.8282
2020-08-17,4.46,4.46,4.01,4.05,409100,0,-0.0787,4.46,4.3302
2020-08-18,4.65,4.65,4.18,4.3,2170000,0,-0.0787,4.65,4.1091
2020-08-19,4.21,4.27,3.91,4.03,707000,0,-0.0115,4.21,4.2842
2020-08-20,4.0,4.12,3.93,4.09,319500,0,0.0542,4.0,4.1615
2020-08-21,4.12,4.14,3.62,3.91,810500,0,-0.0115,4.12,4.2168
2020-08-24,4.07,4.21,3.79,3.9,542100,0,-0.0115,4.07,4.0725
2020-08-25,3.82,4.01,3.78,4.01,295300,0,0.0542,3.82,4.0231
2020-08-26,3.88,3.98,3.81,3.97,226000,0,0.0542,3.88,4.027
2020-08-27,3.92,3.92,3.55,3.67,321400,0,-0.0787,3.92,4.0903
2020-08-28,3.66,3.74,3.57,3.68,269300,0,-0.0115,3.66,3.6116
2020-08-31,3.68,3.69,3.5,3.53,236200,0,-0.0115,3.68,3.6178
2020-09-01,3.55,3.59,3.21,3.36,494600,0,-0.0115,3.55,3.6376
2020-09-02,3.65,3.66,3.32,3.41,478200,0,-0.0787,3.65,3.5091
2020-09-03,3.45,3.6,3.3,3.45,406700,0,-0.0115,3.45,3.3628
2020-09-04,3.39,3.4,3.01,3.22,236200,0,-0.0115,3.39,3.4102
2020-09-08,3.22,3.33,3.11,3.22,178100,0,-0.0115,3.22,3.3509
2020-09-09,3.27,3.44,3.21,3.39,131100,0,0.0542,3.27,3.1829
2020-09-10,3.38,3.4,3.3,3.4,53200,0,-0.0115,3.38,3.4472
2020-09-11,3.4,3.4,3.12,3.19,143600,0,-0.0787,3.4,3.3411
2020-09-14,3.17,3.3,3.1,3.26,69000,0,0.0542,3.17,3.1325
2020-09-15,3.38,3.53,3.35,3.43,248000,0,-0.0115,3.38,3.3418
2020-09-16,3.78,3.93,3.55,3.72,812700,0,-0.0115,3.78,3.3411
2020-09-17,3.9,3.91,3.6,3.71,409700,0,-0.0115,3.9,3.7364
2020-09-18,3.61,4.0,3.55,3.93,593300,0,0.0542,3.61,3.8551
2020-09-21,3.8,3.8,3.51,3.62,270900,0,-0.0115,3.8,3.8056
2020-09-22,3.6,3.78,3.41,3.44,165300,0,-0.0115,3.6,3.7562
2020-09-23,3.39,3.45,2.94,3.01,267300,0,-0.0787,3.39,3.5585
2020-09-24,3.16,3.23,3.02,3.14,228700,0,-0.0115,3.16,3.1233
2020-09-25,3.2,3.55,3.2,3.49,500700,0,0.0542,3.2,3.1236
2020-09-28,3.58,3.59,3.28,3.34,252300,0,-0.0787,3.58,3.3734
2020-09-29,3.3,3.38,3.22,3.37,164900,0,0.0542,3.3,3.2983
2020-09-30,3.34,3.55,3.3,3.33,220800,0,-0.0115,3.34,3.4788
2020-10-01,3.4,3.48,3.31,3.43,353700,0,-0.0115,3.4,3.3015
2020-10-02,3.34,3.51,3.26,3.32,229700,0,-0.0115,3.34,3.3608
2020-10-05,3.53,3.7,3.35,3.64,320500,0,0.0542,3.53,3.3015
2020-10-06,3.7,3.9,3.7,3.88,318100,0,0.0542,3.7,3.7213
2020-10-07,4.18,4.41,3.93,4.41,687700,0,0.0542,4.18,3.9005
2020-10-08,4.55,5.44,4.55,4.96,1417800,0,0.0542,4.55,4.4065
2020-10-09,5.05,5.07,4.59,4.65,589300,0,-0.0787,5.05,4.7966
2020-10-12,4.61,4.64,4.31,4.4,270300,0,-0.0115,4.61,4.6527
2020-10-13,4.5,4.75,4.48,4.61,326400,0,0.0542,4.5,4.5569
2020-10-14,4.66,4.69,4.35,4.41,144500,0,-0.0115,4.66,4.7439
2020-10-15,4.32,4.46,4.11,4.3,113900,0,-0.0115,4.32,4.6063
2020-10-16,4.26,4.4,4.14,4.26,214700,0,-0.0115,4.26,4.2702
2020-10-19,4.3,4.4,4.27,4.36,120300,0,-0.0115,4.3,4.2109
2020-10-20,4.4,4.48,4.3,4.4,108800,0,-0.0115,4.4,4.2505
2020-10-21,4.37,4.44,4.32,4.35,120700,0,-0.0115,4.37,4.3493
2020-10-22,4.39,4.44,4.2,4.34,91600,0,-0.0115,4.39,4.3196
2020-10-23,4.35,4.45,4.24,4.42,95300,0,-0.0115,4.35,4.3394
2020-10-26,4.45,4.85,4.42,4.58,301700,0,0.0542,4.45,4.2999
2020-10-27,4.7,4.7,4.26,4.6,267900,0,-0.0115,4.7,4.6912
2020-10-28,4.4,4.49,3.81,4.0,266300,0,-0.0787,4.4,4.6458
2020-10-29,4.07,4.2,3.87,4.05,58200,0,-0.0115,4.07,4.0538
2020-10-30,3.97,3.97,3.6,3.82,298300,0,-0.0115,3.97,4.0231
2020-11-02,3.77,4.13,3.61,4.05,122300,0,0.0542,3.77,3.9243
2020-11-03,4.05,4.05,3.8,4.04,135500,0,-0.0115,4.05,3.9743
2020-11-04,4.16,4.17,3.82,3.95,141500,0,-0.0115,4.16,4.0033
2020-11-05,3.95,3.99,3.5,3.78,155700,0,-0.0115,3.95,4.1121
2020-11-06,3.73,3.73,3.4,3.44,207800,0,-0.0787,3.73,3.9045
2020-11-09,3.4,3.4,2.78,2.89,366200,0,-0.0787,3.4,3.4365
2020-11-10,2.94,3.08,2.76,3.01,252600,0,0.0542,2.94,3.1325
2020-11-11,3.0,3.07,2.87,3.05,208500,0,-0.0115,3.0,3.0993
2020-11-12,3.05,3.13,2.85,2.96,352100,0,-0.0115,3.05,2.9654
2020-11-13,3.0,3.0,2.7,2.98,287300,0,-0.0115,3.0,3.0149
2020-11-16,2.98,3.03,2.75,2.98,266600,0,-0.0115,2.98,2.9654
2020-11-17,3.0,3.0,2.7,2.82,403700,0,-0.0787,3.0,2.9457
2020-11-18,2.79,2.87,2.7,2.8,217000,0,-0.0115,2.79,2.764
2020-11-19,2.85,2.85,2.72,2.84,198800,0,-0.0115,2.85,2.7579
2020-11-20,2.84,2.84,2.45,2.48,972200,0,-0.0787,2.84,2.8172
2020-11-23,2.45,2.59,2.45,2.57,261600,0,0.0542,2.45,2.6166
2020-11-24,2.6,2.68,2.45,2.54,220200,0,-0.0115,2.6,2.5828
2020-11-25,2.5,2.54,2.36,2.5,259000,0,-0.0115,2.5,2.57
2020-11-27,2.49,2.62,2.43,2.6,151700,0,0.0542,2.49,2.4712
2020-11-30,2.59,2.59,2.41,2.49,304700,0,-0.0115,2.59,2.6249
2020-12-01,2.55,2.68,2.43,2.59,418900,0,-0.0115,2.55,2.5602
2020-12-02,2.6,2.6,2.38,2.42,328200,0,-0.0787,2.6,2.5206
2020-12-03,2.45,2.45,2.21,2.32,359100,0,-0.0115,2.45,2.3954
2020-12-04,2.29,2.3,2.17,2.26,367000,0,-0.0115,2.29,2.4218
2020-12-07,2.26,2.26,2.08,2.12,406700,0,-0.0787,2.26,2.2636
2020-12-08,2.11,2.11,2.04,2.06,297300,0,-0.0115,2.11,2.0822
2020-12-09,2.1,2.12,1.97,2.04,452200,0,-0.0115,2.1,2.0857
2020-12-10,2.01,2.06,1.94,2.06,445500,0,0.0542,2.01,2.0758
2020-12-11,2.1,2.1,2.0,2.05,244100,0,-0.0115,2.1,2.1189
2020-12-14,2.11,2.11,1.95,1.98,334300,0,-0.0787,2.11,2.0758
2020-12-15,1.96,1.98,1.79,1.86,516900,0,-0.0115,1.96,1.944
2020-12-16,1.78,1.96,1.76,1.95,391800,0,0.0542,1.78,1.9374
2020-12-17,1.94,2.58,1.87,2.13,1943500,0,0.0542,1.94,1.8765
2020-12-18,2.22,2.28,2.12,2.16,358400,0,-0.0115,2.22,2.0451
2020-12-21,2.22,2.22,2.11,2.19,343000,0,-0.0115,2.22,2.1944
2020-12-22,2.28,2.71,2.19,2.49,1813000,0,0.0542,2.28,2.1944
2020-12-23,2.53,2.74,2.29,2.41,854500,0,-0.0115,2.53,2.4036
2020-12-24,2.43,2.54,2.36,2.5,204400,0,0.0542,2.43,2.5008
2020-12-28,2.6,2.6,2.2,2.28,406800,0,-0.0787,2.6,2.5617
2020-12-29,2.34,2.34,2.15,2.25,236700,0,-0.0115,2.34,2.3954
2020-12-30,2.2,2.25,2.16,2.23,186800,0,-0.0115,2.2,2.313
2020-12-31,2.23,2.24,1.99,2.02,532200,0,-0.0787,2.23,2.1747
2021-01-04,2.4,2.63,2.22,2.58,1467600,0,0.0542,2.4,2.0546
2021-01-05,2.63,2.83,2.6,2.73,1097500,0,0.0542,2.63,2.5301
2021-01-06,2.79,2.79,2.49,2.59,607700,0,-0.0787,2.79,2.7725
2021-01-07,2.46,2.57,2.42,2.45,414300,0,-0.0115,2.46,2.5705
2021-01-08,2.46,2.6,2.3,2.57,621700,0,0.0542,2.46,2.4317
2021-01-11,2.45,2.78,2.41,2.68,492400,0,0.0542,2.45,2.5933
2021-01-12,2.7,2.92,2.7,2.88,436800,0,0.0542,2.7,2.5828
2021-01-13,3.1,4.3,3.08,3.34,6606500,0,0.0542,3.1,2.8463
2021-01-14,3.23,3.31,3.0,3.23,988800,0,-0.0115,3.23,3.268
2021-01-15,3.16,3.3,3.01,3.04,596000,0,-0.0115,3.16,3.1928
2021-01-19,3.11,3.25,3.01,3.17,530900,0,0.0542,3.11,3.1236
2021-01-20,3.5,5.29,3.42,4.73,19709100,0,0.2893,3.5,3.2785
2021-01-21,4.34,4.45,4.0,4.3,3168500,0,-0.0115,4.34,4.5126
2021-01-22,4.25,4.3,3.96,3.97,1012800,0,-0.0787,4.25,4.29
2021-01-25,3.91,3.95,3.65,3.71,919900,0,-0.0115,3.91,3.9156
2021-01-26,3.81,4.29,3.78,3.96,1219400,0,0.0542,3.81,3.8649
2021-01-27,3.95,4.19,3.3,3.39,1449800,0,-0.0787,3.95,4.0165
2021-01-28,3.5,3.98,3.45,3.9,771800,0,0.1377,3.5,3.6392
2021-01-29,3.84,4.09,3.55,3.68,826300,0,-0.0115,3.84,3.9821
2021-02-01,3.73,4.17,3.46,3.82,772500,0,0.0542,3.73,3.7958
2021-02-02,4.98,4.99,4.21,4.54,4491300,0,-0.0787,4.98,3.9321
2021-02-03,4.21,4.57,4.19,4.26,1282500,0,-0.0115,4.21,4.5882
2021-02-04,4.31,4.35,3.84,3.96,948600,0,-0.0787,4.31,4.1615
2021-02-05,4.18,4.18,3.98,4.09,564600,0,-0.0115,4.18,3.9709
2021-02-08,4.08,4.22,3.9,4.14,1284100,0,-0.0115,4.08,4.1318
2021-02-09,3.98,4.23,3.96,4.11,819000,0,0.0542,3.98,4.033
2021-02-10,4.19,4.23,3.9,4.05,958600,0,-0.0115,4.19,4.1957
2021-02-11,4.09,4.1,3.79,3.87,596200,0,-0.0115,4.09,4.1417
2021-02-12,4.05,4.09,3.86,3.96,512700,0,-0.0115,4.05,4.0429
2021-02-16,4.04,4.05,3.84,3.91,415900,0,-0.0115,4.04,4.0033
2021-02-17,3.99,4.02,3.87,4.0,465300,0,-0.0115,3.99,3.9935
2021-02-18,3.95,3.97,3.68,3.72,501600,0,-0.0787,3.95,3.944
2021-02-19,3.81,3.85,3.68,3.74,247100,0,-0.0115,3.81,3.6392
2021-02-22,3.72,3.72,3.4,3.43,534300,0,-0.0787,3.72,3.7661
2021-02-23,3.24,3.29,2.7,3.12,651200,0,-0.0115,3.24,3.4273
2021-02-24,3.05,3.25,3.02,3.13,315900,0,0.0542,3.05,3.2027
2021-02-25,3.11,3.13,2.95,2.98,248700,0,-0.0115,3.11,3.2153
2021-02-26,2.97,3.13,2.81,3.01,520700,0,-0.0115,2.97,3.0742
2021-03-01,3.13,3.35,3.03,3.24,713300,0,0.0542,3.13,2.9358
2021-03-02,3.25,3.33,3.15,3.19,255000,0,-0.0115,3.25,3.2996
2021-03-03,3.16,3.22,3.0,3.04,111800,0,-0.0115,3.16,3.2126
2021-03-04,3.11,3.11,2.73,2.8,205400,0,-0.0787,3.11,3.1236
2021-03-05,2.76,2.94,2.61,2.87,236800,0,0.0542,2.76,2.8653
2021-03-08,2.87,2.89,2.72,2.76,127900,0,-0.0115,2.87,2.9096
2021-03-09,2.87,2.94,2.8,2.9,144300,0,-0.0115,2.87,2.8369
2021-03-10,2.92,3.0,2.86,2.98,238500,0,0.0542,2.92,2.8369
2021-03-11,3.02,3.04,2.87,2.96,387900,0,-0.0115,3.02,3.0782
2021-03-12,2.91,3.08,2.9,3.05,393200,0,0.0542,2.91,2.9852
2021-03-15,3.12,3.17,3.0,3.07,121600,0,-0.0115,3.12,3.0677
2021-03-16,3.09,3.24,3.05,3.24,179700,0,0.0542,3.09,3.0841
2021-03-17,3.12,3.23,3.03,3.21,380700,0,0.0542,3.12,3.2575
2021-03-18,3.11,3.2,3.04,3.06,80100,0,-0.0115,3.11,3.2891
2021-03-19,3.06,3.2,3.04,3.05,253900,0,-0.0115,3.06,3.0742
2021-03-22,3.07,3.14,3.03,3.06,308500,0,-0.0115,3.07,3.0247
2021-03-23,3.07,3.15,2.8,2.84,543900,0,-0.0787,3.07,3.0346
2021-03-24,2.85,2.95,2.7,2.73,93700,0,-0.0115,2.85,2.8285
2021-03-25,2.71,2.72,2.58,2.69,101800,0,-0.0115,2.71,2.8172
2021-03-26,2.67,2.74,2.59,2.68,85100,0,-0.0115,2.67,2.6788
2021-03-29,2.71,2.78,2.6,2.65,156600,0,-0.0115,2.71,2.6392
2021-03-30,3.07,3.12,2.7,2.82,1033500,0,-0.0787,3.07,2.6788
2021-03-31,2.73,2.81,2.69,2.77,153700,0,-0.0115,2.73,2.8285
2021-04-01,2.85,2.85,2.69,2.75,82600,0,-0.0115,2.85,2.6985
2021-04-05,2.8,2.87,2.7,2.86,160300,0,0.0542,2.8,2.8172
2021-04-06,2.86,2.95,2.78,2.92,134100,0,0.0542,2.86,2.9517
2021-04-07,2.81,2.91,2.77,2.83,168700,0,-0.0115,2.81,3.015
2021-04-08,2.88,2.88,2.62,2.66,193700,0,-0.0787,2.88,2.7776
2021-04-09,2.62,2.74,2.6,2.67,292400,0,0.0542,2.62,2.6534
2021-04-12,2.7,3.25,2.55,3.15,5160000,0,0.1377,2.7,2.762
2021-04-13,3.02,3.29,2.7,2.78,2958100,0,-0.0787,3.02,3.0719
2021-04-14,2.62,2.65,2.53,2.57,445100,0,-0.0115,2.62,2.7824
2021-04-15,2.57,2.65,2.44,2.54,333500,0,-0.0115,2.57,2.5898
2021-04-16,2.5,2.57,2.4,2.52,325600,0,-0.0115,2.5,2.5404
2021-04-19,2.5,2.51,2.34,2.46,336800,0,-0.0115,2.5,2.4712
2021-04-20,2.47,2.52,2.31,2.37,210500,0,-0.0115,2.47,2.4712
2021-04-21,2.38,2.49,2.35,2.47,289200,0,0.0542,2.38,2.4415
2021-04-22,2.51,2.59,2.46,2.48,93300,0,-0.0115,2.51,2.509
2021-04-23,2.52,2.6,2.52,2.54,71000,0,-0.0115,2.52,2.4811
2021-04-26,2.61,2.67,2.54,2.67,313000,0,0.0542,2.61,2.491
2021-04-27,2.66,2.77,2.63,2.69,494400,0,-0.0115,2.66,2.7514
2021-04-28,2.72,2.82,2.63,2.7,304700,0,-0.0115,2.72,2.6294
2021-04-29,2.7,2.7,2.57,2.62,63900,0,-0.0115,2.7,2.6887
2021-04-30,2.57,2.68,2.56,2.61,141700,0,-0.0115,2.57,2.6689
2021-05-03,2.61,2.71,2.55,2.63,233500,0,-0.0115,2.61,2.5404
2021-05-04,2.63,2.63,2.42,2.55,178700,0,-0.0115,2.63,2.5799
2021-05-05,2.64,2.64,2.48,2.55,120000,0,-0.0115,2.64,2.5997
2021-05-06,2.52,2.52,2.29,2.37,535700,0,-0.0787,2.52,2.6096
2021-05-07,2.37,2.45,2.3,2.38,104500,0,-0.0115,2.37,2.3217
2021-05-10,2.45,2.49,2.35,2.42,137900,0,-0.0115,2.45,2.3427
2021-05-11,2.34,2.42,2.28,2.36,297500,0,-0.0115,2.34,2.4218
2021-05-12,2.34,2.37,2.2,2.28,422400,0,-0.0115,2.34,2.313
2021-05-13,2.26,2.31,2.05,2.1,252400,0,-0.0787,2.26,2.313
2021-05-14,2.22,2.42,2.17,2.31,405500,0,0.0542,2.22,2.0822
2021-05-17,2.4,2.4,2.23,2.28,59900,0,-0.0115,2.4,2.3403
2021-05-18,2.27,2.28,2.21,2.24,71300,0,-0.0115,2.27,2.3723
2021-05-19,2.23,2.23,2.1,2.15,255600,0,-0.0115,2.23,2.2438
2021-05-20,2.18,2.3,2.12,2.22,217300,0,0.0542,2.18,2.2043
2021-05-21,2.22,2.32,2.18,2.3,325900,0,0.0542,2.22,2.2981
2021-05-24,2.29,2.35,2.25,2.31,161500,0,-0.0115,2.29,2.3403
2021-05-25,2.35,2.49,2.32,2.4,396200,0,0.0542,2.35,2.2636
2021-05-26,2.43,2.55,2.43,2.5,365900,0,0.0542,2.43,2.4774
2021-05-27,2.42,2.7,2.32,2.36,971000,0,-0.0115,2.42,2.5617
2021-05-28,2.37,2.4,2.28,2.35,102400,0,-0.0115,2.37,2.3921
2021-06-01,2.35,2.44,2.33,2.39,171400,0,-0.0115,2.35,2.3427
2021-06-02,2.4,2.42,2.15,2.21,606300,0,-0.0787,2.4,2.3229
2021-06-03,2.16,2.33,2.15,2.33,466700,0,0.0542,2.16,2.2112
2021-06-04,2.34,2.48,2.27,2.35,493600,0,-0.0115,2.34,2.2771
2021-06-07,2.35,2.48,2.35,2.41,147400,0,0.0542,2.35,2.313
2021-06-08,2.43,2.46,2.3,2.3,165300,0,-0.0115,2.43,2.4774
2021-06-09,2.32,2.4,2.27,2.31,151800,0,-0.0115,2.32,2.402
2021-06-10,2.34,2.46,2.31,2.41,210500,0,0.0542,2.34,2.2933
2021-06-11,2.43,2.49,2.32,2.49,234900,0,0.0542,2.43,2.4668
2021-06-14,2.47,2.64,2.41,2.61,305000,0,0.0542,2.47,2.5617
2021-06-15,2.62,2.75,2.45,2.56,222400,0,-0.0115,2.62,2.6039
2021-06-16,2.5,2.65,2.3,2.38,365400,0,-0.0115,2.5,2.5898
2021-06-17,2.62,2.84,2.5,2.53,1596800,0,-0.0115,2.62,2.4712
2021-06-18,2.59,2.59,2.42,2.42,1000900,0,-0.0787,2.59,2.5898
2021-06-21,2.42,2.52,2.32,2.36,240400,0,-0.0115,2.42,2.3862
2021-06-22,2.34,2.38,2.24,2.3,171700,0,-0.0115,2.34,2.3921
2021-06-23,2.48,2.57,2.39,2.41,416500,0,-0.0115,2.48,2.313
2021-06-24,2.4,2.83,2.38,2.47,1236700,0,0.0542,2.4,2.4514
2021-06-25,2.47,2.52,2.36,2.5,311800,0,-0.0115,2.47,2.5301
2021-06-28,2.47,2.48,2.27,2.37,381500,0,-0.0115,2.47,2.4415
2021-06-29,2.41,2.41,2.3,2.34,198600,0,-0.0115,2.41,2.4415
2021-06-30,2.31,2.39,2.29,2.35,331500,0,-0.0115,2.31,2.3822
2021-07-01,2.38,2.5,2.28,2.35,511100,0,-0.0115,2.38,2.2834
2021-07-02,2.36,2.36,2.22,2.25,260400,0,-0.0115,2.36,2.3526
2021-07-06,2.27,2.32,2.2,2.22,324600,0,-0.0115,2.27,2.3328
2021-07-07,2.21,2.25,2.11,2.25,170100,0,-0.0115,2.21,2.2438
2021-07-08,2.19,2.3,2.15,2.25,251300,0,0.0542,2.19,2.1845
2021-07-09,2.22,2.25,2.1,2.2,146800,0,-0.0115,2.22,2.3087
2021-07-12,2.23,2.23,2.15,2.17,86600,0,-0.0115,2.23,2.1944
2021-07-13,2.14,2.14,2.0,2.02,373100,0,-0.0115,2.14,2.2043
2021-07-14,2.04,2.1,2.0,2.03,435100,0,-0.0115,2.04,2.1153
2021-07-15,2.03,2.05,1.95,1.98,251200,0,-0.0115,2.03,2.0165
2021-07-16,1.97,2.06,1.89,1.9,409200,0,-0.0115,1.97,2.0066
2021-07-19,1.85,1.9,1.8,1.82,197100,0,-0.0115,1.85,1.9473
2021-07-20,1.8,1.84,1.73,1.84,465900,0,0.0542,1.8,1.8287
2021-07-21,1.81,1.85,1.78,1.82,266900,0,-0.0115,1.81,1.8975
2021-07-22,1.81,1.84,1.79,1.82,258800,0,-0.0115,1.81,1.7891
2021-07-23,1.81,2.25,1.76,2.07,3321700,0,0.2893,1.81,1.7891
2021-07-26,2.02,2.13,1.9,1.94,748300,0,-0.0115,2.02,2.3336
2021-07-27,1.98,2.34,1.98,2.09,1634800,0,0.0542,1.98,1.9967
2021-07-28,2.06,2.13,2.01,2.01,373200,0,-0.0115,2.06,2.0873
2021-07-29,2.06,2.1,2.02,2.05,215700,0,-0.0115,2.06,2.0363
2021-07-30,2.04,2.23,2.0,2.13,1283200,0,0.0542,2.04,2.0363
2021-08-02,2.16,2.19,2.08,2.1,388900,0,-0.0115,2.16,2.1506
2021-08-03,2.15,2.15,2.01,2.08,285700,0,-0.0115,2.15,2.1351
2021-08-04,2.04,2.13,2.02,2.08,199600,0,0.0542,2.04,2.1252
2021-08-05,2.07,2.08,2.02,2.04,95000,0,-0.0115,2.07,2.1506
2021-08-06,2.04,2.04,1.94,1.96,204400,0,-0.0115,2.04,2.0461
2021-08-09,1.99,2.01,1.94,2.01,117600,0,-0.0115,1.99,2.0165
2021-08-10,2.0,2.0,1.94,1.98,158200,0,-0.0115,2.0,1.9671
2021-08-11,1.96,2.0,1.92,1.94,211300,0,-0.0115,1.96,1.977
2021-08-12,1.92,1.92,1.8,1.85,342800,0,-0.0115,1.92,1.9374
2021-08-13,1.83,1.89,1.71,1.72,279800,0,-0.0787,1.83,1.8979
2021-08-16,1.74,1.75,1.66,1.68,305100,0,-0.0115,1.74,1.686
2021-08-17,1.75,1.87,1.7,1.74,1780500,0,-0.0115,1.75,1.72
2021-08-18,1.71,1.74,1.58,1.62,539000,0,-0.0115,1.71,1.7298
2021-08-19,1.59,1.64,1.55,1.61,161600,0,-0.0115,1.59,1.6903
2021-08-20,1.56,1.56,1.51,1.53,163500,0,-0.0115,1.56,1.5717
2021-08-23,1.5,1.54,1.46,1.52,275400,0,-0.0115,1.5,1.542
2021-08-24,1.52,1.58,1.47,1.57,438500,0,0.0542,1.52,1.4827
2021-08-25,1.57,1.6,1.55,1.6,144500,0,0.0542,1.57,1.6024
2021-08-26,1.62,1.66,1.6,1.62,122200,0,-0.0115,1.62,1.6551
2021-08-27,1.59,1.66,1.58,1.64,114600,0,0.0542,1.59,1.6013
2021-08-30,1.62,1.65,1.54,1.58,248500,0,-0.0115,1.62,1.6762
2021-08-31,1.71,1.71,1.63,1.66,308800,0,-0.0115,1.71,1.6013
2021-09-01,1.66,1.7,1.63,1.65,76000,0,-0.0115,1.66,1.6903
2021-09-02,1.85,2.1,1.83,2.0,14100200,0,0.0542,1.85,1.6409
2021-09-03,1.97,2.09,1.87,2.08,1806100,0,0.0542,1.97,1.9503
2021-09-07,2.01,2.05,1.88,1.99,584900,0,-0.0115,2.01,2.0768
2021-09-08,1.91,1.96,1.88,1.93,228900,0,-0.0115,1.91,1.9868
2021-09-09,1.84,2.01,1.83,1.96,417700,0,0.0542,1.84,1.888
2021-09-10,1.97,1.97,1.86,1.9,136500,0,-0.0115,1.97,1.9397
2021-09-13,1.87,1.87,1.7,1.71,324400,0,-0.0787,1.87,1.9473
2021-09-14,1.76,1.76,1.65,1.66,145800,0,-0.0787,1.76,1.7229
2021-09-15,1.63,1.8,1.6,1.72,916900,0,0.0542,1.63,1.6215
2021-09-16,1.7,1.7,1.64,1.67,106000,0,-0.0115,1.7,1.7183
2021-09-17,1.67,1.7,1.62,1.7,148500,0,-0.0115,1.67,1.6804
2021-09-20,1.57,1.63,1.55,1.62,180700,0,0.0542,1.57,1.6508
2021-09-21,1.64,1.64,1.56,1.62,119900,0,-0.0115,1.64,1.6551
2021-09-22,1.59,1.6,1.56,1.6,175300,0,-0.0115,1.59,1.6211
2021-09-23,1.57,1.6,1.56,1.59,126400,0,-0.0115,1.57,1.5717
2021-09-24,1.58,1.58,1.5,1.51,252000,0,-0.0115,1.58,1.5519
2021-09-27,1.5,1.59,1.47,1.57,210200,0,0.0542,1.5,1.5618
2021-09-28,1.55,1.57,1.45,1.47,295200,0,-0.0115,1.55,1.5813
2021-09-29,1.48,1.48,1.44,1.45,115100,0,-0.0115,1.48,1.5321
2021-09-30,1.45,1.47,1.43,1.46,87200,0,-0.0115,1.45,1.4629
2021-10-01,1.45,1.45,1.41,1.43,75400,0,-0.0115,1.45,1.4333
2021-10-04,1.41,1.43,1.39,1.41,88700,0,-0.0115,1.41,1.4333
2021-10-05,1.4,1.43,1.37,1.41,137900,0,-0.0115,1.4,1.3938
2021-10-06,1.38,1.45,1.36,1.42,67700,0,0.0542,1.38,1.3839
2021-10-07,1.41,1.42,1.38,1.4,58900,0,-0.0115,1.41,1.4548
2021-10-08,1.39,1.45,1.38,1.4,62400,0,-0.0115,1.39,1.3938
2021-10-11,1.41,1.47,1.41,1.45,44800,0,0.0542,1.41,1.374
2021-10-12,1.44,1.48,1.42,1.46,60900,0,-0.0115,1.44,1.4864
2021-10-13,1.46,1.54,1.46,1.53,120700,0,0.0542,1.46,1.4234
2021-10-14,1.56,1.57,1.52,1.55,59800,0,-0.0115,1.56,1.5391
2021-10-15,1.52,1.55,1.48,1.51,89700,0,-0.0115,1.52,1.542
2021-10-18,1.51,1.53,1.48,1.53,75700,0,-0.0115,1.51,1.5025
2021-10-19,1.52,1.53,1.47,1.47,79300,0,-0.0115,1.52,1.4926
2021-10-20,1.48,1.68,1.47,1.66,320900,0,0.1377,1.48,1.5025
2021-10-21,1.7,1.7,1.5,1.5,79800,0,-0.0787,1.7,1.6838
2021-10-22,1.53,1.54,1.45,1.51,147300,0,-0.0115,1.53,1.5662
2021-10-25,1.51,1.69,1.48,1.65,111300,0,0.0542,1.51,1.5124
2021-10-26,1.65,1.68,1.55,1.62,161700,0,-0.0115,1.65,1.5918
2021-10-27,1.6,1.69,1.58,1.65,61400,0,0.0542,1.6,1.631
2021-10-28,1.59,1.63,1.58,1.62,109100,0,0.0542,1.59,1.6867
2021-10-29,1.62,1.64,1.54,1.56,71300,0,-0.0115,1.62,1.6762
2021-11-01,1.62,1.64,1.57,1.63,59900,0,-0.0115,1.62,1.6013
2021-11-02,1.63,1.63,1.55,1.61,72900,0,-0.0115,1.63,1.6013
2021-11-03,1.61,1.63,1.6,1.6,77900,0,-0.0115,1.61,1.6112
2021-11-04,1.62,1.67,1.58,1.61,214700,0,-0.0115,1.62,1.5914
2021-11-05,1.58,1.6,1.54,1.54,99800,0,-0.0115,1.58,1.6013
2021-11-08,1.54,1.55,1.47,1.5,103700,0,-0.0115,1.54,1.5618
2021-11-09,1.5,1.5,1.41,1.45,163400,0,-0.0115,1.5,1.5223
2021-11-10,1.45,1.49,1.42,1.42,77800,0,-0.0115,1.45,1.4827
2021-11-11,1.41,1.42,1.37,1.38,168500,0,-0.0115,1.41,1.4333
2021-11-12,1.4,1.41,1.31,1.39,120000,0,-0.0115,1.4,1.3938
2021-11-15,1.4,1.47,1.39,1.42,154700,0,-0.0115,1.4,1.3839
2021-11-16,1.45,1.46,1.38,1.38,131500,0,-0.0115,1.45,1.3839
2021-11-17,1.45,1.45,1.35,1.39,93400,0,-0.0115,1.45,1.4333
2021-11-18,1.41,1.47,1.4,1.44,214300,0,0.0542,1.41,1.4333
2021-11-19,1.42,1.43,1.35,1.39,94700,0,-0.0115,1.42,1.4864
2021-11-22,1.42,1.42,1.31,1.35,100900,0,-0.0115,1.42,1.4036
2021-11-23,1.36,1.37,1.18,1.26,99200,0,-0.0787,1.36,1.4036
2021-11-24,1.24,1.31,1.24,1.31,21300,0,0.0542,1.24,1.253
2021-11-26,1.33,1.35,1.24,1.32,42700,0,-0.0115,1.33,1.3072
2021-11-29,1.34,1.36,1.25,1.25,47200,0,-0.0787,1.34,1.3147
2021-11-30,1.17,1.26,1.17,1.26,123800,0,0.0542,1.17,1.2346
2021-12-01,1.23,1.27,1.2,1.2,82900,0,-0.0115,1.23,1.2334
2021-12-02,1.25,1.3,1.13,1.16,59900,0,-0.0787,1.25,1.2158
2021-12-03,1.14,1.22,1.06,1.06,214300,0,-0.0787,1.14,1.1517
2021-12-06,1.07,1.2,1.03,1.13,120300,0,0.0542,1.07,1.0503
2021-12-07,1.07,1.29,1.07,1.22,113400,0,0.1377,1.07,1.128
2021-12-08,1.27,1.3,1.2,1.25,60600,0,-0.0115,1.27,1.2174
2021-12-09,1.24,1.3,1.21,1.22,33800,0,-0.0115,1.24,1.2554
2021-12-10,1.25,1.25,1.14,1.19,80000,0,-0.0115,1.25,1.2257
2021-12-13,1.17,1.19,1.09,1.14,225700,0,-0.0115,1.17,1.2356
2021-12-14,1.11,1.13,0.96,1.0,298100,0,-0.0787,1.11,1.1565
2021-12-15,1.0,1.11,1.0,1.1,194500,0,0.0542,1.0,1.0227
2021-12-16,1.03,1.09,0.98,1.05,173700,0,0.0542,1.03,1.0542
2021-12-17,1.05,1.09,0.94,0.94,495200,0,-0.0787,1.05,1.0858
2021-12-20,0.96,0.98,0.85,0.97,180200,0,-0.0115,0.96,0.9674
2021-12-21,0.94,0.99,0.9,0.95,161300,0,-0.0115,0.94,0.9489
2021-12-22,0.95,1.0,0.93,0.95,144000,0,-0.0115,0.95,0.9292
2021-12-23,0.94,1.0,0.94,0.96,104800,0,0.0542,0.94,0.9391
2021-12-27,0.93,0.96,0.9,0.92,199000,0,-0.0115,0.93,0.9909
2021-12-28,0.92,0.95,0.88,0.89,118100,0,-0.0115,0.92,0.9193
2021-12-29,0.91,0.97,0.9,0.95,132300,0,0.0542,0.91,0.9094
2021-12-30,0.94,0.97,0.91,0.96,165100,0,0.0542,0.94,0.9593
2021-12-31,0.96,1.0,0.92,0.96,290300,0,-0.0115,0.96,0.9909
2022-01-03,0.99,1.19,0.93,1.09,162300,0,0.0542,0.99,0.9489
2022-01-04,1.05,1.14,1.02,1.04,81400,0,-0.0115,1.05,1.0437
2022-01-05,1.15,1.15,1.02,1.03,117600,0,-0.0787,1.15,1.0379
2022-01-06,1.02,1.11,1.0,1.02,154100,0,-0.0115,1.02,1.0595
2022-01-07,0.99,1.02,0.98,0.99,52500,0,-0.0115,0.99,1.0082
2022-01-10,0.96,1.04,0.89,0.94,390400,0,-0.0115,0.96,0.9786
2022-01-11,0.93,0.97,0.85,0.88,123200,0,-0.0115,0.93,0.9489
2022-01-12,0.87,0.93,0.86,0.89,56700,0,0.0542,0.87,0.9193
2022-01-13,0.88,0.92,0.81,0.83,103100,0,-0.0787,0.88,0.9171
2022-01-14,0.8,0.83,0.78,0.83,118400,0,0.0542,0.8,0.8108
2022-01-18,0.85,0.88,0.85,0.88,163000,0,0.0542,0.85,0.8434
2022-01-19,0.86,0.87,0.85,0.86,76700,0,-0.0115,0.86,0.8961
2022-01-20,0.85,0.92,0.85,0.9,90700,0,0.0542,0.85,0.8501
2022-01-21,0.9,0.91,0.8,0.8,239500,0,-0.0787,0.9,0.8961
2022-01-24,0.79,0.9,0.66,0.82,496900,0,0.0542,0.79,0.8292
2022-01-25,0.77,0.86,0.77,0.85,63600,0,0.0542,0.77,0.8328
2022-01-26,0.82,0.85,0.77,0.79,97000,0,-0.0115,0.82,0.8117
2022-01-27,0.83,0.92,0.8,0.85,142000,0,0.0542,0.83,0.8106
2022-01-28,0.86,0.89,0.79,0.8,88400,0,-0.0787,0.86,0.875
2022-01-31,0.8,0.85,0.77,0.83,50400,0,0.0542,0.8,0.7923
2022-02-01,0.8,0.87,0.77,0.82,42900,0,0.0542,0.8,0.8434
2022-02-02,0.78,0.84,0.78,0.83,56900,0,0.0542,0.78,0.8434
2022-02-03,0.81,0.81,0.78,0.8,56200,0,-0.0115,0.81,0.8223
2022-02-04,0.8,0.83,0.76,0.77,88100,0,-0.0115,0.8,0.8007
2022-02-07,0.8,0.8,0.7,0.76,57900,0,-0.0115,0.8,0.7908
2022-02-08,0.72,0.78,0.72,0.78,74100,0,0.0542,0.72,0.7908
2022-02-09,0.74,0.8,0.72,0.75,176900,0,-0.0115,0.74,0.759
2022-02-10,0.73,0.8,0.73,0.79,68000,0,0.0542,0.73,0.7315
2022-02-11,0.78,0.78,0.72,0.74,132500,0,-0.0115,0.78,0.7696
2022-02-14,0.7,0.76,0.68,0.69,115700,0,-0.0115,0.7,0.771
2022-02-15,0.73,0.73,0.67,0.7,36800,0,-0.0115,0.73,0.6919
2022-02-16,0.71,0.72,0.7,0.71,65800,0,-0.0115,0.71,0.7216
2022-02-17,0.71,0.72,0.71,0.72,32900,0,-0.0115,0.71,0.7018
2022-02-18,0.74,0.74,0.65,0.67,97500,0,-0.0787,0.74,0.7018
2022-02-22,0.6,0.7,0.59,0.66,145600,0,0.0542,0.6,0.6818
2022-02-23,0.65,0.7,0.62,0.66,97500,0,-0.0115,0.65,0.6325
2022-02-24,0.54,0.64,0.53,0.62,41400,0,0.1377,0.54,0.6425
2022-02-25,0.62,0.69,0.62,0.67,79400,0,0.0542,0.62,0.6144
2022-02-28,0.7,0.7,0.63,0.65,87900,0,-0.0787,0.7,0.6536
2022-03-01,0.66,0.77,0.66,0.77,294800,0,0.1377,0.66,0.6449
2022-03-02,0.75,0.82,0.73,0.82,126900,0,0.0542,0.75,0.7509
2022-03-03,0.82,0.89,0.76,0.87,153000,0,0.0542,0.82,0.7906
2022-03-04,0.82,0.99,0.82,0.92,433600,0,0.1377,0.82,0.8644
2022-03-07,0.93,0.94,0.82,0.82,85600,0,-0.0787,0.93,0.9329
2022-03-08,0.71,0.81,0.71,0.79,67200,0,0.1377,0.71,0.8568
2022-03-09,0.79,0.79,0.73,0.73,75400,0,-0.0787,0.79,0.8078
2022-03-10,0.95,1.05,0.86,0.96,8439800,0,-0.0115,0.95,0.7278
2022-03-11,0.9,1.05,0.89,1.04,734100,0,0.1377,0.9,0.9391
2022-03-14,1.01,1.13,0.96,1.05,523100,0,0.0542,1.01,1.024
2022-03-15,1.05,1.09,0.89,0.97,381100,0,-0.0787,1.05,1.0647
2022-03-16,0.96,1.08,0.95,1.02,102600,0,0.0542,0.96,0.9674
2022-03-17,1.06,1.11,1.02,1.08,177500,0,0.0542,1.06,1.012
2022-03-18,1.05,1.16,1.05,1.16,171000,0,0.0542,1.05,1.1174
2022-03-21,1.16,1.21,1.16,1.19,167600,0,0.0542,1.16,1.1069
2022-03-22,1.19,1.25,1.18,1.23,108300,0,0.0542,1.19,1.2229
2022-03-23,1.32,1.38,1.22,1.25,237800,0,-0.0115,1.32,1.2545
2022-03-24,1.21,1.21,1.03,1.11,345200,0,-0.0787,1.21,1.3048
2022-03-25,1.15,1.19,1.13,1.16,179300,0,-0.0115,1.15,1.1148
2022-03-28,1.15,1.15,1.04,1.07,163500,0,-0.0787,1.15,1.1367
2022-03-29,1.04,1.08,1.03,1.07,57100,0,0.0542,1.04,1.0595
2022-03-30,1.06,1.09,1.04,1.09,57200,0,0.0542,1.06,1.0964
2022-03-31,1.04,1.06,1.01,1.05,36000,0,-0.0115,1.04,1.1174
2022-04-01,1.01,1.07,1.01,1.05,42500,0,0.0542,1.01,1.028
2022-04-04,1.09,1.09,0.97,1.04,86200,0,-0.0115,1.09,1.0647
2022-04-05,1.05,1.09,1.0,1.05,163800,0,-0.0115,1.05,1.0774
2022-04-06,1.04,1.04,1.0,1.03,95900,0,-0.0115,1.04,1.0379
2022-04-07,1.05,1.06,1.0,1.06,74200,0,-0.0115,1.05,1.028
2022-04-08,1.04,1.06,1.0,1.03,65600,0,-0.0115,1.04,1.0379
2022-04-11,1.02,1.04,0.98,0.98,289600,0,-0.0115,1.02,1.028
2022-04-12,1.0,1.0,0.92,0.97,160100,0,-0.0115,1.0,1.0082
2022-04-13,0.99,1.0,0.96,0.97,56700,0,-0.0115,0.99,0.9885
2022-04-14,1.0,1.0,0.95,0.95,84900,0,-0.0115,1.0,0.9786
2022-04-18,0.94,0.95,0.86,0.86,166200,0,-0.0787,0.94,0.9885
2022-04-19,0.91,0.99,0.86,0.94,99900,0,0.0542,0.91,0.866
2022-04-20,0.97,1.0,0.87,0.87,108800,0,-0.0787,0.97,0.9593
2022-04-21,0.88,0.95,0.85,0.95,54800,0,0.0542,0.88,0.8937
2022-04-22,0.93,1.0,0.88,1.0,63400,0,0.0542,0.93,0.9277
2022-04-25,0.99,0.99,0.85,0.9,84900,0,-0.0787,0.99,0.9804
2022-04-26,0.88,0.98,0.88,0.96,98500,0,0.0542,0.88,0.9121
2022-04-27,0.94,1.04,0.92,0.99,140000,0,0.0542,0.94,0.9277
2022-04-28,0.98,1.04,0.98,1.04,48000,0,0.0542,0.98,0.9909
2022-04-29,1.0,1.05,1.0,1.02,59600,0,0.0542,1.0,1.0331
2022-05-02,1.02,1.04,0.96,1.02,66900,0,-0.0115,1.02,1.0542
2022-05-03,0.99,1.04,0.91,0.91,102400,0,-0.0787,0.99,1.0082
2022-05-04,0.92,0.95,0.87,0.92,54700,0,-0.0115,0.92,0.9121
2022-05-05,0.89,0.95,0.86,0.91,35400,0,0.0542,0.89,0.9094
2022-05-06,0.88,0.95,0.86,0.86,80100,0,-0.0115,0.88,0.9382
2022-05-09,0.89,0.89,0.8,0.81,75600,0,-0.0787,0.89,0.8699
2022-05-10,0.81,0.86,0.79,0.81,63800,0,-0.0115,0.81,0.82
2022-05-11,0.79,0.8,0.71,0.73,117300,0,-0.0787,0.79,0.8007
2022-05-12,0.71,0.79,0.71,0.75,83000,0,0.0542,0.71,0.7278
2022-05-13,0.74,0.8,0.74,0.78,41100,0,0.0542,0.74,0.7485
2022-05-16,0.83,0.89,0.81,0.86,49100,0,0.0542,0.83,0.7801
2022-05-17,0.83,0.95,0.83,0.9,21400,0,0.0542,0.83,0.875
2022-05-18,0.81,0.91,0.81,0.85,15400,0,0.0542,0.81,0.875
2022-05-19,0.86,0.91,0.81,0.9,30600,0,0.0542,0.86,0.8539
2022-05-20,0.86,0.89,0.8,0.86,45300,0,-0.0115,0.86,0.9066
2022-05-23,0.89,0.91,0.7,0.71,224200,0,-0.0787,0.89,0.8501
2022-05-24,0.75,0.75,0.67,0.68,132500,0,-0.0787,0.75,0.82
2022-05-25,0.67,0.72,0.67,0.71,33700,0,0.0542,0.67,0.691
2022-05-26,0.74,0.74,0.66,0.67,55100,0,-0.0787,0.74,0.7063
2022-05-27,0.7,0.72,0.66,0.66,108400,0,-0.0787,0.7,0.6818
2022-05-31,0.66,0.67,0.6,0.66,200600,0,-0.0115,0.66,0.6449
2022-06-01,0.7,0.78,0.68,0.72,370700,0,0.0542,0.7,0.6524
2022-06-02,0.7,0.8,0.65,0.79,91800,0,0.1377,0.7,0.7379
2022-06-03,0.82,0.91,0.76,0.78,98300,0,-0.0115,0.82,0.7964
2022-06-06,0.84,0.87,0.7,0.81,117100,0,-0.0115,0.84,0.8106
2022-06-07,0.8,0.83,0.7,0.73,60600,0,-0.0787,0.8,0.8303
2022-06-08,0.82,0.84,0.75,0.79,266600,0,-0.0115,0.82,0.7371
2022-06-09,0.84,0.94,0.79,0.81,220400,0,-0.0115,0.84,0.8106
2022-06-10,0.81,0.83,0.76,0.76,74800,0,-0.0787,0.81,0.8303
2022-06-13,0.83,0.83,0.7,0.78,108200,0,-0.0787,0.83,0.7463
2022-06-14,0.78,0.91,0.76,0.81,196800,0,0.0542,0.78,0.7647
2022-06-15,0.81,0.82,0.8,0.82,46800,0,-0.0115,0.81,0.8223
2022-06-16,0.79,0.84,0.77,0.83,35400,0,0.0542,0.79,0.8007
2022-06-17,0.81,0.83,0.79,0.8,39600,0,-0.0115,0.81,0.8328
2022-06-21,0.79,0.85,0.79,0.85,47200,0,0.0542,0.79,0.8007
2022-06-22,0.81,0.85,0.8,0.83,46100,0,0.0542,0.81,0.8328
2022-06-23,0.81,0.84,0.8,0.83,12400,0,0.0542,0.81,0.8539
2022-06-24,0.8,0.87,0.79,0.82,25400,0,0.0542,0.8,0.8539
2022-06-27,0.78,0.84,0.78,0.82,32400,0,0.0542,0.78,0.8434
2022-06-28,0.78,0.81,0.76,0.77,81100,0,-0.0115,0.78,0.8223
2022-06-29,0.77,0.81,0.67,0.75,124900,0,-0.0115,0.77,0.771
2022-06-30,0.73,0.76,0.71,0.75,49000,0,0.0542,0.73,0.7611
2022-07-01,0.72,0.77,0.69,0.71,43900,0,-0.0115,0.72,0.7696
2022-07-05,0.69,0.8,0.69,0.8,59300,0,0.1377,0.69,0.7117
2022-07-06,0.8,0.81,0.76,0.81,80200,0,-0.0115,0.8,0.785
2022-07-07,0.79,0.82,0.76,0.82,63500,0,0.0542,0.79,0.7908
2022-07-08,0.82,0.85,0.8,0.83,50900,0,-0.0115,0.82,0.8328
2022-07-11,0.79,0.85,0.76,0.83,59300,0,0.0542,0.79,0.8106
2022-07-12,0.88,0.88,0.82,0.82,65900,0,-0.0787,0.88,0.8328
2022-07-13,0.8,0.87,0.78,0.78,32600,0,-0.0115,0.8,0.8108
2022-07-14,0.76,0.83,0.66,0.69,77900,0,-0.0787,0.76,0.7908
2022-07-15,0.7,0.77,0.7,0.74,105300,0,0.0542,0.7,0.7002
2022-07-18,0.71,0.78,0.71,0.77,70800,0,0.0542,0.71,0.7379
2022-07-19,0.78,0.79,0.71,0.77,39100,0,-0.0115,0.78,0.7485
2022-07-20,0.71,0.77,0.71,0.72,50300,0,-0.0115,0.71,0.771
2022-07-21,0.76,0.79,0.74,0.76,28900,0,-0.0115,0.76,0.7018
2022-07-22,0.78,0.78,0.75,0.76,18200,0,-0.0115,0.78,0.7512
2022-07-25,0.74,0.79,0.73,0.73,22400,0,-0.0115,0.74,0.771
2022-07-26,0.73,0.77,0.73,0.73,3200,0,-0.0115,0.73,0.7315
2022-07-27,0.73,0.79,0.73,0.74,32900,0,-0.0115,0.73,0.7216
2022-07-28,0.73,0.77,0.73,0.76,4900,0,0.0542,0.73,0.7216
2022-07-29,0.75,0.75,0.7,0.73,45100,0,-0.0115,0.75,0.7696
2022-08-01,0.72,0.75,0.7,0.75,28300,0,0.0542,0.72,0.7414
2022-08-02,0.75,0.75,0.72,0.72,24400,0,-0.0115,0.75,0.759
2022-08-03,0.73,0.75,0.73,0.73,12000,0,-0.0115,0.73,0.7414
2022-08-04,0.75,0.78,0.71,0.78,30000,0,0.0542,0.75,0.7216
2022-08-05,0.71,0.78,0.71,0.76,30800,0,0.0542,0.71,0.7906
2022-08-08,0.77,0.78,0.71,0.73,20600,0,-0.0115,0.77,0.7485
2022-08-09,0.73,0.76,0.71,0.73,7600,0,-0.0115,0.73,0.7611
2022-08-10,0.72,0.74,0.67,0.71,46900,0,-0.0115,0.72,0.7216
2022-08-11,0.7,0.75,0.7,0.72,23300,0,0.0542,0.7,0.7117
2022-08-12,0.72,0.74,0.67,0.67,85300,0,-0.0787,0.72,0.7379
2022-08-15,0.7,0.75,0.69,0.75,49200,0,0.0542,0.7,0.6634
2022-08-16,0.75,0.75,0.71,0.74,66600,0,-0.0115,0.75,0.7379
2022-08-17,0.76,0.77,0.73,0.73,60000,0,-0.0115,0.76,0.7414
2022-08-18,0.72,0.75,0.7,0.73,49500,0,-0.0115,0.72,0.7512
2022-08-19,0.71,0.76,0.71,0.76,75200,0,0.0542,0.71,0.7117
2022-08-22,0.73,0.75,0.71,0.71,43000,0,-0.0115,0.73,0.7485
2022-08-23,0.69,0.74,0.69,0.72,32100,0,0.0542,0.69,0.7216
2022-08-24,0.75,0.77,0.71,0.77,128900,0,0.0542,0.75,0.7274
2022-08-25,0.78,0.82,0.75,0.82,74500,0,0.0542,0.78,0.7906
2022-08-26,0.9,0.91,0.73,0.75,72900,0,-0.0787,0.9,0.8223
2022-08-29,0.77,0.77,0.73,0.74,31900,0,-0.0115,0.77,0.8292
2022-08-30,0.74,0.74,0.73,0.74,29200,0,-0.0115,0.74,0.7611
2022-08-31,0.74,0.77,0.73,0.76,34100,0,0.0542,0.74,0.7315
2022-09-01,0.74,0.75,0.74,0.74,18500,0,-0.0115,0.74,0.7801
2022-09-02,0.75,0.75,0.73,0.73,24500,0,-0.0115,0.75,0.7315
2022-09-06,0.71,0.73,0.71,0.73,36200,0,0.0542,0.71,0.7414
2022-09-07,0.73,0.75,0.71,0.75,43400,0,0.0542,0.73,0.7485
2022-09-08,0.76,0.77,0.76,0.76,108800,0,-0.0115,0.76,0.7696
2022-09-09,0.83,0.83,0.78,0.79,42300,0,-0.0115,0.83,0.7512
2022-09-12,0.79,0.83,0.79,0.8,8100,0,-0.0115,0.79,0.8204
2022-09-13,0.79,0.8,0.75,0.78,38900,0,-0.0115,0.79,0.7809
2022-09-14,0.76,0.8,0.75,0.8,44900,0,0.0542,0.76,0.7809
2022-09-15,0.83,0.83,0.75,0.83,50700,0,-0.0115,0.83,0.8012
2022-09-16,0.83,0.83,0.55,0.55,188600,0,-0.0787,0.83,0.8204
2022-09-19,0.62,0.72,0.62,0.69,341600,0,0.1377,0.62,0.7647
2022-09-20,0.72,0.72,0.62,0.71,66500,0,-0.0115,0.72,0.7054
2022-09-21,0.7,0.8,0.7,0.78,127200,0,0.1377,0.7,0.7117
2022-09-22,0.76,0.85,0.75,0.81,140500,0,0.0542,0.76,0.7964
2022-09-23,0.84,0.84,0.76,0.78,69500,0,0.5883,0.84,0.8012
2022-09-26,0.78,0.8,0.73,0.78,29500,0,-0.0115,0.78,1.3342
2022-09-27,0.78,0.79,0.72,0.74,35400,0,-0.0115,0.78,0.771
2022-09-28,0.74,0.79,0.73,0.77,90400,0,0.0542,0.74,0.771
2022-09-29,0.77,0.78,0.75,0.78,19600,0,-0.0115,0.77,0.7801
2022-09-30,0.76,0.78,0.74,0.78,40300,0,0.0542,0.76,0.7611
2022-10-03,0.74,0.78,0.74,0.74,40200,0,-0.0115,0.74,0.8012
2022-10-04,0.75,0.79,0.75,0.78,9900,0,0.0542,0.75,0.7315
2022-10-05,0.78,0.78,0.73,0.75,13800,0,-0.0115,0.78,0.7906
2022-10-06,0.78,0.78,0.73,0.76,16500,0,-0.0115,0.78,0.771
2022-10-07,0.76,0.78,0.71,0.78,24000,0,0.0542,0.76,0.771
2022-10-10,0.71,0.78,0.71,0.76,36900,0,0.0542,0.71,0.8012
2022-10-11,0.73,0.76,0.72,0.74,12700,0,-0.0115,0.73,0.7485
2022-10-12,0.74,0.78,0.71,0.73,39200,0,-0.0115,0.74,0.7216
2022-10-13,0.76,0.78,0.72,0.75,22300,0,-0.0115,0.76,0.7315
2022-10-14,0.73,0.74,0.71,0.74,21300,0,-0.0115,0.73,0.7512
2022-10-17,0.71,0.73,0.69,0.71,49400,0,-0.0115,0.71,0.7216
2022-10-18,0.7,0.75,0.67,0.72,73300,0,0.0542,0.7,0.7018
2022-10-19,0.7,0.75,0.67,0.73,61400,0,0.0542,0.7,0.7379
2022-10-20,0.75,0.75,0.67,0.73,51500,0,-0.0115,0.75,0.7379
2022-10-21,0.74,0.74,0.68,0.72,82600,0,-0.0115,0.74,0.7414
2022-10-24,0.73,0.73,0.68,0.72,34300,0,-0.0115,0.73,0.7315
2022-10-25,0.74,0.74,0.7,0.73,30700,0,-0.0115,0.74,0.7216
2022-10-26,0.74,0.74,0.7,0.72,21100,0,-0.0115,0.74,0.7315
2022-10-27,0.72,0.72,0.7,0.71,41400,0,-0.0115,0.72,0.7315
2022-10-28,0.72,0.72,0.63,0.7,97400,0,-0.0115,0.72,0.7117
2022-10-31,0.7,0.71,0.69,0.7,44200,0,-0.0115,0.7,0.7117
2022-11-01,0.71,0.71,0.6,0.69,45100,0,-0.0115,0.71,0.6919
2022-11-02,0.68,0.69,0.61,0.69,97700,0,-0.0115,0.68,0.7018
2022-11-03,0.69,0.69,0.6,0.67,66600,0,0.0523,0.69,0.6722
2022-11-04,0.65,0.69,0.6,0.68,53800,0,0.0542,0.65,0.7261
2022-11-07,0.67,0.69,0.65,0.66,81700,0,-0.0115,0.67,0.6852
2022-11-08,0.63,0.68,0.63,0.66,37300,0,0.0542,0.63,0.6623
2022-11-09,0.67,0.67,0.62,0.62,33400,0,-0.0787,0.67,0.6641
2022-11-10,0.64,0.73,0.63,0.69,109600,0,0.0542,0.64,0.6173
2022-11-11,0.66,0.72,0.65,0.69,52400,0,0.0542,0.66,0.6747
2022-11-14,0.63,0.71,0.63,0.66,38400,0,0.0542,0.63,0.6958
2022-11-15,0.63,0.68,0.63,0.66,91300,0,0.0542,0.63,0.6641
2022-11-16,0.64,0.68,0.64,0.68,21400,0,0.0542,0.64,0.6641
2022-11-17,0.62,0.67,0.62,0.63,43800,0,-0.0115,0.62,0.6747
2022-11-18,0.65,0.66,0.62,0.65,66300,0,-0.0115,0.65,0.6129
2022-11-21,0.62,0.67,0.57,0.62,80600,0,-0.0115,0.62,0.6425
2022-11-22,0.62,0.65,0.62,0.64,12900,0,0.0542,0.62,0.6129
2022-11-23,0.61,0.68,0.59,0.65,42000,0,0.0542,0.61,0.6536
2022-11-25,0.6,0.66,0.6,0.63,24900,0,0.0542,0.6,0.6431
2022-11-28,0.67,0.67,0.59,0.64,48000,0,-0.0115,0.67,0.6325
2022-11-29,0.66,0.66,0.61,0.65,15000,0,-0.0115,0.66,0.6623
2022-11-30,0.6,0.66,0.59,0.66,49000,0,0.0542,0.6,0.6524
2022-12-01,0.64,0.64,0.56,0.64,94300,0,-0.0115,0.64,0.6325
2022-12-02,0.6,0.64,0.57,0.64,47900,0,0.0542,0.6,0.6326
2022-12-05,0.62,0.64,0.61,0.64,19000,0,0.0542,0.62,0.6325
2022-12-06,0.64,0.64,0.61,0.61,27200,0,-0.0115,0.64,0.6536
2022-12-07,0.65,0.65,0.6,0.61,24000,0,-0.0787,0.65,0.6326
2022-12-08,0.6,0.61,0.59,0.6,26000,0,-0.0115,0.6,0.5989
2022-12-09,0.58,0.64,0.58,0.61,25300,0,0.0621,0.58,0.5931
2022-12-12,0.56,0.62,0.55,0.59,66700,0,0.0542,0.56,0.616
2022-12-13,0.59,0.6,0.58,0.58,45100,0,-0.0115,0.59,0.5903
2022-12-14,0.58,0.59,0.54,0.56,65800,0,-0.0115,0.58,0.5832
2022-12-15,0.57,0.57,0.56,0.57,43800,0,-0.0115,0.57,0.5733
2022-12-16,0.58,0.61,0.57,0.6,61000,0,0.0542,0.58,0.5634
2022-12-19,0.57,0.61,0.57,0.59,47100,0,0.0542,0.57,0.6114
2022-12-20,0.6,0.6,0.56,0.59,60300,0,-0.0115,0.6,0.6009
2022-12-21,0.56,0.63,0.56,0.62,96300,0,0.0542,0.56,0.5931
2022-12-22,0.6,0.62,0.58,0.6,25800,0,-0.0115,0.6,0.5903
2022-12-23,0.61,0.61,0.58,0.6,53100,0,-0.0115,0.61,0.5931
2022-12-27,0.57,0.6,0.54,0.56,130400,0,-0.0115,0.57,0.603
2022-12-28,0.61,0.61,0.53,0.57,73500,0,-0.0787,0.61,0.5634
2022-12-29,0.54,0.58,0.54,0.57,69000,0,0.0542,0.54,0.562
2022-12-30,0.55,0.61,0.54,0.6,48900,0,0.0542,0.55,0.5693
2023-01-03,0.58,0.61,0.58,0.58,89100,0,-0.0115,0.58,0.5798
2023-01-04,0.61,0.65,0.6,0.63,78300,0,0.0542,0.61,0.5733
2023-01-05,0.6,0.64,0.6,0.62,44000,0,0.0542,0.6,0.6431
2023-01-06,0.59,0.65,0.59,0.63,96000,0,0.0542,0.59,0.6325
2023-01-09,0.66,0.66,0.57,0.59,112500,0,-0.0787,0.66,0.622
2023-01-10,0.61,0.65,0.58,0.61,26400,0,-0.0115,0.61,0.6081
2023-01-11,0.59,0.64,0.59,0.61,33400,0,0.0542,0.59,0.603
2023-01-12,0.59,0.67,0.59,0.66,59900,0,0.1377,0.59,0.622
2023-01-13,0.63,0.67,0.63,0.67,29500,0,0.0542,0.63,0.6713
2023-01-17,0.65,0.67,0.6,0.63,39900,0,-0.0115,0.65,0.6641
2023-01-18,0.6,0.63,0.6,0.63,33100,0,0.0542,0.6,0.6425
2023-01-19,0.6,0.63,0.59,0.63,16800,0,0.0542,0.6,0.6325
2023-01-20,0.58,0.63,0.58,0.63,12600,0,0.0542,0.58,0.6325
2023-01-23,0.6,0.66,0.57,0.66,62700,0,0.0542,0.6,0.6114
2023-01-24,0.64,0.66,0.6,0.66,70200,0,0.0542,0.64,0.6325
2023-01-25,0.67,0.67,0.57,0.65,44100,0,-0.0115,0.67,0.6747
2023-01-26,0.69,0.69,0.61,0.65,55700,0,-0.0787,0.69,0.6623
2023-01-27,0.61,0.65,0.6,0.65,45300,0,0.0542,0.61,0.6357
2023-01-30,0.61,0.66,0.61,0.63,67400,0,0.0542,0.61,0.6431
2023-01-31,0.64,0.65,0.6,0.65,34100,0,-0.0115,0.64,0.6431
2023-02-01,0.6,0.65,0.6,0.63,22000,0,0.0542,0.6,0.6326
2023-02-02,0.62,0.64,0.61,0.64,31900,0,0.0542,0.62,0.6325
2023-02-03,0.65,0.65,0.6,0.6,65800,0,-0.0787,0.65,0.6536
2023-02-06,0.61,0.63,0.6,0.61,39100,0,-0.0115,0.61,0.5989
2023-02-07,0.61,0.62,0.6,0.62,17300,0,-0.0115,0.61,0.603
2023-02-08,0.6,0.63,0.6,0.6,20100,0,-0.0115,0.6,0.603
2023-02-09,0.61,0.63,0.55,0.6,85300,0,-0.0115,0.61,0.5931
2023-02-10,0.56,0.58,0.55,0.56,34600,0,-0.0115,0.56,0.603
2023-02-13,0.55,0.57,0.55,0.57,46500,0,0.0542,0.55,0.5535
2023-02-14,0.56,0.57,0.55,0.57,35100,0,-0.0115,0.56,0.5798
2023-02-15,0.57,0.58,0.56,0.58,24500,0,-0.0115,0.57,0.5535
2023-02-16,0.55,0.58,0.55,0.57,25600,0,0.0542,0.55,0.5634
2023-02-17,0.56,0.58,0.56,0.58,12100,0,0.0542,0.56,0.5798
2023-02-21,0.56,0.58,0.53,0.56,98800,0,-0.0115,0.56,0.5903
2023-02-22,0.56,0.57,0.55,0.55,25500,0,-0.0115,0.56,0.5535
2023-02-23,0.55,0.56,0.54,0.54,32000,0,-0.0115,0.55,0.5535
2023-02-24,0.53,0.56,0.53,0.56,37700,0,0.0542,0.53,0.5437
2023-02-27,0.56,0.61,0.5,0.56,64700,0,-0.0115,0.56,0.5587
2023-02-28,0.55,0.56,0.51,0.56,5800,0,-0.0115,0.55,0.5535
2023-03-01,0.53,0.56,0.51,0.51,29200,0,-0.0115,0.53,0.5437
2023-03-02,0.52,0.56,0.52,0.56,8000,0,0.0542,0.52,0.5239
2023-03-03,0.56,0.56,0.53,0.55,80800,0,-0.0115,0.56,0.5482
2023-03-06,0.53,0.61,0.53,0.6,76800,0,0.2819,0.53,0.5535
2023-03-07,0.57,0.6,0.57,0.59,68100,0,0.0542,0.57,0.6794
2023-03-08,0.61,0.67,0.6,0.62,129500,0,-0.0115,0.61,0.6009
2023-03-09,0.61,0.63,0.59,0.63,45800,0,0.0542,0.61,0.603
2023-03-10,0.6,0.62,0.53,0.58,46600,0,-0.0115,0.6,0.6431
2023-03-11,,,,,,,,,0.5930869142571843
